-- phpMyAdmin SQL Dump
-- version 4.0.6
-- http://www.phpmyadmin.net
--
-- Хост: localhost
-- Час створення: Вер 16 2013 р., 12:00
-- Версія сервера: 5.1.66-0+squeeze1
-- Версія PHP: 5.2.6-1+lenny13

SET SQL_MODE = "NO_AUTO_VALUE_ON_ZERO";
SET time_zone = "+00:00";


/*!40101 SET @OLD_CHARACTER_SET_CLIENT=@@CHARACTER_SET_CLIENT */;
/*!40101 SET @OLD_CHARACTER_SET_RESULTS=@@CHARACTER_SET_RESULTS */;
/*!40101 SET @OLD_COLLATION_CONNECTION=@@COLLATION_CONNECTION */;
/*!40101 SET NAMES utf8 */;

--
-- База даних: `f_style`
--

-- --------------------------------------------------------

--
-- Структура таблиці `boards`
--

CREATE TABLE IF NOT EXISTS `boards` (
  `id` bigint(20) NOT NULL AUTO_INCREMENT,
  `create_date` date NOT NULL,
  `title` varchar(200) NOT NULL,
  `info` text NOT NULL,
  `publish` int(11) NOT NULL DEFAULT '0',
  PRIMARY KEY (`id`)
) ENGINE=MyISAM DEFAULT CHARSET=utf8 AUTO_INCREMENT=1 ;

-- --------------------------------------------------------

--
-- Структура таблиці `brands`
--

CREATE TABLE IF NOT EXISTS `brands` (
  `id` bigint(20) NOT NULL AUTO_INCREMENT,
  `name` varchar(200) NOT NULL DEFAULT '',
  `body` text NOT NULL,
  `urlname` varchar(200) NOT NULL,
  `ishide` int(11) NOT NULL DEFAULT '0',
  PRIMARY KEY (`id`)
) ENGINE=MyISAM  DEFAULT CHARSET=utf8 AUTO_INCREMENT=27 ;

--
-- Дамп даних таблиці `brands`
--

INSERT INTO `brands` (`id`, `name`, `body`, `urlname`, `ishide`) VALUES
(9, 'Blumarine', '', 'blumarine', 0),
(10, 'Dsquared2', '', 'dsquared2', 0),
(11, 'Rebecca Minkoff', '&lt;p&gt;роппаак&lt;/p&gt;\r\n', 'rebecca-minkoff', 0),
(12, 'Burberry', '', 'burberry', 0),
(13, 'Alexander McQueen', '', 'alexander-mcqueen', 0),
(14, 'Alexander Wang', '', 'alexander-wang', 0),
(15, 'Armani Jeans', '', 'armani-jeans', 0),
(16, '3.1 Phillip Lim', '', '3-1-phillip-lim', 0),
(17, 'Alviero Martini', '', 'alviero-martini', 0),
(18, 'BCBG', '', 'bcbg', 0),
(19, 'Chloe', '', 'chloe', 0),
(20, 'Marni', '', 'marni', 0),
(21, 'Opera Fashion', '', 'opera-fashion', 0),
(22, 'Dior', '', 'dior', 0),
(23, 'Azzaro', '', 'azzaro', 0),
(24, 'Just Cavalli', '', 'just_cavalli', 0),
(25, 'Bebe', '', 'bebe', 0),
(26, 'Karen Millen', '', 'karen_millen', 0),
(8, 'Balmain', '', 'balmain', 0),
(4, 'Dolce&amp;Gabbana', '&lt;p&gt;Dolce&amp;amp;Gabbana&lt;/p&gt;\r\n', 'dolce&amp;gabbana', 0),
(5, 'ECO', '&lt;p&gt;ECO&lt;/p&gt;\r\n', 'eco', 0),
(6, 'aNY place', '&lt;p&gt;aNY place&lt;/p&gt;\r\n', 'any-place', 0),
(7, 'Elisabetta Franchi', '&lt;p&gt;Elisabetta Franchi&lt;/p&gt;\r\n', 'elisabetta-franchi', 0);

-- --------------------------------------------------------

--
-- Структура таблиці `catalog`
--

CREATE TABLE IF NOT EXISTS `catalog` (
  `id` bigint(20) NOT NULL AUTO_INCREMENT,
  `name` varchar(250) NOT NULL DEFAULT '',
  `urlname` varchar(500) NOT NULL,
  `parentid` bigint(20) NOT NULL DEFAULT '0',
  `one_name` varchar(250) NOT NULL DEFAULT '',
  `in_list` varchar(250) NOT NULL DEFAULT '',
  `title` varchar(250) NOT NULL DEFAULT '',
  `description` varchar(250) NOT NULL DEFAULT '',
  `keywords` varchar(250) NOT NULL DEFAULT '',
  `content_1` longtext,
  `content_2` longtext,
  `invisible` int(11) NOT NULL DEFAULT '0',
  `head` text NOT NULL,
  `showorder` int(11) NOT NULL DEFAULT '0',
  `pagesize` int(11) NOT NULL DEFAULT '0',
  `contentid` bigint(20) NOT NULL DEFAULT '0',
  `extid` varchar(300) NOT NULL,
  `discount` decimal(10,2) NOT NULL,
  `is_export` int(11) DEFAULT NULL,
  `in_index` int(11) NOT NULL DEFAULT '0',
  `brand` int(11) NOT NULL,
  `goods_type` int(3) NOT NULL,
  PRIMARY KEY (`id`),
  KEY `parentid` (`parentid`)
) ENGINE=MyISAM  DEFAULT CHARSET=utf8 AUTO_INCREMENT=71 ;

--
-- Дамп даних таблиці `catalog`
--

INSERT INTO `catalog` (`id`, `name`, `urlname`, `parentid`, `one_name`, `in_list`, `title`, `description`, `keywords`, `content_1`, `content_2`, `invisible`, `head`, `showorder`, `pagesize`, `contentid`, `extid`, `discount`, `is_export`, `in_index`, `brand`, `goods_type`) VALUES
(1, 'Одежда', 'odezhda', 68, '', '', 'this is the title', '', '', NULL, NULL, 0, '', 1, 0, 0, '', 0.00, 0, 1, -1, 0),
(2, 'Детская одежда', 'obuv', 69, '', '', '', '', '', NULL, NULL, 0, '', 3, 0, 0, '', 0.00, 0, 0, -1, 0),
(4, 'Футболки', 'futbolki', 1, '', '', '', '', '', '&lt;h2&gt;SEO Text&lt;/h2&gt;\r\n\r\n&lt;p&gt;Таргетирование, вопреки мнению П.Друкера, искажает ребрендинг, учитывая современные тенденции. Реклама, анализируя результаты рекламной кампании, подсознательно стабилизирует BTL, признавая определенные рыночные тенденции. Производство оправдывает комплексный побочный PR-эффект, учитывая современные тенденции. Такое понимание ситуации восходит к Эл Райс, при этом узнавание бренда деятельно тормозит жизненный цикл продукции, отвоевывая рыночный сегмент. Таргетирование спонтанно концентрирует общественный пресс-клиппинг, работая над проектом.&lt;/p&gt;\r\n\r\n&lt;p&gt;Правда, специалисты отмечают, что контент восстанавливает нестандартный подход, оптимизируя бюджеты. Повторный контакт, отбрасывая подробности, позитивно создает конкурент, осознав маркетинг как часть производства. VIP-мероприятие,&amp;nbsp;конечно, настроено позитивно. Можно&amp;nbsp;предположить,&amp;nbsp;что партисипативное планирование отражает рекламный бриф, полагаясь на инсайдерскую информацию. Создание приверженного покупателя переворачивает презентационный материал, оптимизируя бюджеты. Раскрутка порождена временем.&lt;/p&gt;\r\n\r\n&lt;p&gt;Еще Траут показал, что потребительская культура индуктивно создает комплексный анализ ситуации, не считаясь с затратами. Инвестиционный продукт,&amp;nbsp;как&amp;nbsp;принято&amp;nbsp;считать, восстанавливает институциональный стиль менеджмента, размещаясь во всех медиа. Маркетингово-ориентированное издание, не меняя концепции, изложенной выше, методически усиливает анализ зарубежного опыта, повышая конкуренцию. Лидерство в продажах развивает принцип&amp;nbsp;восприятия, повышая конкуренцию.&lt;/p&gt;\r\n', '', 0, '', 11, 0, 0, '', 0.00, 0, 1, -1, 0),
(29, 'Комбинезоны', 'kombinezony', 1, '', '', '', '', '', NULL, NULL, 0, '', 6, 0, 0, '', 0.00, 0, 1, -1, 0),
(6, 'Мужская одежда', 'aksessuary', 69, '', '', '', '', '', NULL, NULL, 1, '', 2, 0, 0, '', 0.00, 0, 0, -1, 0),
(40, 'Головные уборы', 'golovnye-ubory', 38, '', '', '', '', '', NULL, NULL, 0, '', 1, 0, 0, '', 0.00, 0, 0, -1, 0),
(39, 'Обувь, Сумки', 'obuv', 68, '', '', '', '', '', NULL, NULL, 0, '', 15, 0, 0, '', 0.00, 0, 1, -1, 0),
(38, 'Аксесуары', 'aksesuary', 68, '', '', '', '', '', NULL, NULL, 0, '', 14, 0, 0, '', 0.00, 0, 1, -1, 0),
(12, 'Верхняя одежда', 'kurtki', 1, '', '', '', '', '', NULL, NULL, 0, '', 4, 0, 0, '', 0.00, 0, 1, -1, 0),
(13, 'Платья', 'plate', 1, '', '', '', '', '', NULL, NULL, 0, '', 10, 0, 0, '', 0.00, 0, 1, -1, 0),
(14, 'Юбки', 'yubki', 1, '', '', '', '', '', NULL, NULL, 0, '', 13, 0, 0, '', 0.00, 0, 1, -1, 0),
(15, 'Блузы', 'bluzy', 1, '', '', '', '', '', NULL, NULL, 0, '', 2, 0, 0, '', 0.00, 0, 1, -1, 0),
(16, 'Джинсы', 'dzhinsy', 1, '', '', '', '', '', NULL, NULL, 0, '', 5, 0, 0, '', 0.00, 0, 1, -1, 0),
(44, 'Ремни', 'remni', 38, '', '', '', '', '', NULL, NULL, 0, '', 5, 0, 0, '', 0.00, 0, 0, -1, 0),
(45, 'Украшения', 'ukrashenija', 38, '', '', '', '', '', NULL, NULL, 0, '', 6, 0, 0, '', 0.00, 0, 0, -1, 0),
(20, 'Брюки', 'platki', 6, '', '', '', '', '', NULL, NULL, 1, '', 1, 0, 0, '', 0.00, 0, 0, -1, 0),
(21, 'Верхняя одежда', 'sumki', 6, '', '', '', '', '', NULL, NULL, 1, '', 2, 0, 0, '', 0.00, 0, 0, -1, 0),
(22, 'Джинсы', 'remni', 6, '', '', '', '', '', NULL, NULL, 1, '', 3, 0, 0, '', 0.00, 0, 0, -1, 0),
(43, 'Перчатки', 'perchatki', 38, '', '', '', '', '', NULL, NULL, 0, '', 4, 0, 0, '', 0.00, 0, 0, -1, 0),
(42, 'Очки', 'ochki', 38, '', '', '', '', '', NULL, NULL, 0, '', 3, 0, 0, '', 0.00, 0, 0, -1, 0),
(41, 'Кошельки', 'koshelki', 38, '', '', '', '', '', NULL, NULL, 0, '', 2, 0, 0, '', 0.00, 0, 0, -1, 0),
(26, 'Белье', 'bele', 1, '', '', '', '', '', NULL, NULL, 0, '', 1, 0, 0, '', 0.00, 0, 1, -1, 0),
(27, 'Брюки', 'bryuki', 1, '', '', '', '', '', NULL, NULL, 0, '', 3, 0, 0, '', 0.00, 0, 1, -1, 0),
(30, 'Костюмы', 'kostyumy', 1, '', '', '', '', '', NULL, NULL, 0, '', 7, 0, 0, '', 0.00, 0, 1, -1, 0),
(31, 'Кофты, Свитера', 'kofty-svitera', 1, '', '', '', '', '', NULL, NULL, 0, '', 8, 0, 0, '', 0.00, 0, 1, -1, 0),
(32, 'Шорты', 'shorty', 1, '', '', '', '', '', NULL, NULL, 0, '', 12, 0, 0, '', 0.00, 0, 1, -1, 0),
(33, 'Пиджаки', 'pidzhaki', 1, '', '', '', '', '', NULL, NULL, 0, '', 9, 0, 0, '', 0.00, 0, 1, -1, 0),
(46, 'Часы', 'chasy', 38, '', '', '', '', '', NULL, NULL, 0, '', 7, 0, 0, '', 0.00, 0, 0, -1, 0),
(47, 'Шарфы, платки', 'sharfy-platki', 38, '', '', '', '', '', NULL, NULL, 0, '', 8, 0, 0, '', 0.00, 0, 0, -1, 0),
(48, 'Обувь', 'obuv', 39, '', '', '', '', '', NULL, NULL, 0, '', 1, 0, 0, '', 0.00, 0, 0, -1, 0),
(49, 'Клатчи', 'klatchi', 39, '', '', '', '', '', NULL, NULL, 0, '', 2, 0, 0, '', 0.00, 0, 0, -1, 0),
(50, 'Сумки', 'sumki', 39, '', '', '', '', '', NULL, NULL, 0, '', 3, 0, 0, '', 0.00, 0, 0, -1, 0),
(51, 'Сумки для ноутбука', 'sumki-dlja-noutbuka', 39, '', '', '', '', '', NULL, NULL, 0, '', 4, 0, 0, '', 0.00, 0, 0, -1, 0),
(52, 'Кофты, свитера', 'kofty-svitera', 6, '', '', '', '', '', NULL, NULL, 1, '', 4, 0, 0, '', 0.00, 0, 0, -1, 0),
(53, 'Носки', 'noski', 6, '', '', '', '', '', NULL, NULL, 1, '', 5, 0, 0, '', 0.00, 0, 0, -1, 0),
(54, 'Рубашки', 'rubashki', 6, '', '', '', '', '', NULL, NULL, 1, '', 6, 0, 0, '', 0.00, 0, 0, -1, 0),
(55, 'Футболки', 'futbolki', 6, '', '', '', '', '', NULL, NULL, 1, '', 7, 0, 0, '', 0.00, 0, 0, -1, 0),
(56, 'Девочки', 'devochki', 2, '', '', '', '', '', NULL, NULL, 1, '', 1, 0, 0, '', 0.00, 0, 0, -1, 0),
(57, 'Мальчики', 'malchiki', 2, '', '', '', '', '', NULL, NULL, 1, '', 2, 0, 0, '', 0.00, 0, 0, -1, 0),
(58, 'Комплекты', 'komplekty', 26, '', '', '', '', '', NULL, NULL, 0, '', 1, 0, 0, '', 0.00, 0, 0, -1, 0),
(59, 'Купальники', 'kupalniki', 26, '', '', '', '', '', NULL, NULL, 0, '', 2, 0, 0, '', 0.00, 0, 0, -1, 0),
(60, 'Трусы', 'trusy', 26, '', '', '', '', '', NULL, NULL, 0, '', 3, 0, 0, '', 0.00, 0, 0, -1, 0),
(61, 'Брюки', 'bryuki', 27, '', '', '', '', '', NULL, NULL, 0, '', 1, 0, 0, '', 0.00, 0, 0, -1, 0),
(62, 'Капри', 'kapri', 27, '', '', '', '', '', NULL, NULL, 0, '', 2, 0, 0, '', 0.00, 0, 0, -1, 0),
(63, 'Лосины', 'losiny', 27, '', '', '', '', '', NULL, NULL, 0, '', 3, 0, 0, '', 0.00, 0, 0, -1, 0),
(68, 'Женская одежда', 'zhenskaja-odezhda', 69, '', '', '', '', '', NULL, NULL, 0, '', 1, 0, 0, '', 0.00, 0, 0, -1, 0),
(69, 'Каталог', 'katalog', 0, '', '', '', '', '', NULL, NULL, 0, '', 4, 0, 0, '', 0.00, 0, 0, -1, 0);

-- --------------------------------------------------------

--
-- Структура таблиці `categoryfields`
--

CREATE TABLE IF NOT EXISTS `categoryfields` (
  `id` bigint(20) NOT NULL AUTO_INCREMENT,
  `categoryid` bigint(20) NOT NULL DEFAULT '0',
  `fieldid` bigint(20) NOT NULL DEFAULT '0',
  `showorder` int(11) NOT NULL DEFAULT '0',
  `inlist` int(11) NOT NULL DEFAULT '0',
  `hide_default` int(11) NOT NULL DEFAULT '0',
  PRIMARY KEY (`id`)
) ENGINE=MyISAM DEFAULT CHARSET=utf8 AUTO_INCREMENT=1 ;

-- --------------------------------------------------------

--
-- Структура таблиці `clients`
--

CREATE TABLE IF NOT EXISTS `clients` (
  `id` bigint(20) NOT NULL AUTO_INCREMENT,
  `create_date` datetime NOT NULL,
  `email` varchar(200) NOT NULL,
  `passw` varchar(200) NOT NULL,
  `discount` decimal(10,2) NOT NULL,
  `discount_group` bigint(20) NOT NULL,
  `last_login` datetime NOT NULL,
  `last_ip` varchar(200) NOT NULL,
  `r129` varchar(500) DEFAULT NULL,
  `r130` varchar(500) DEFAULT NULL,
  `r131` varchar(500) DEFAULT NULL,
  `confirmstr` varchar(500) NOT NULL,
  `confirmed` int(1) NOT NULL,
  `bonus` int(10) NOT NULL,
  PRIMARY KEY (`id`)
) ENGINE=MyISAM  DEFAULT CHARSET=utf8 AUTO_INCREMENT=25 ;

--
-- Дамп даних таблиці `clients`
--

INSERT INTO `clients` (`id`, `create_date`, `email`, `passw`, `discount`, `discount_group`, `last_login`, `last_ip`, `r129`, `r130`, `r131`, `confirmstr`, `confirmed`, `bonus`) VALUES
(11, '2013-08-22 17:14:25', 'virtaras33@gmail.com', '02c2eb5840d798216a8c0ebf0b63b031', 0.00, 0, '2013-08-22 17:14:25', '95.67.77.219', NULL, NULL, NULL, '906ee732239d5e031415deabfe0e007a', 0, -1486),
(10, '2013-08-22 16:37:54', 'virtaras@ppa.kiev.ua', 'c31aa5d57183108667db6973d3b76753', 0.00, 0, '2013-08-22 16:37:54', '95.67.77.219', NULL, NULL, NULL, 'f46dcbfe52b6ae40e6df19d9658e6df2', 0, -1486),
(9, '2013-08-21 10:17:48', 'werwer@dfdg.er', '6e572b874a5f9ccc2f76df6974a7bfb7', 0.00, 0, '2013-08-21 10:17:48', '95.67.77.219', NULL, NULL, NULL, '', 0, -1486),
(8, '2013-08-09 13:47:07', 'virtaras@gmail.com', '827ccb0eea8a706c4c34a16891f84e7b', 0.00, -1, '2013-09-13 18:26:38', '95.67.77.219', 'Taras', '(099)999-99-99', 'Адрес доставки VirTaras', 'f033ab37c30201f73f142449d037028d', 1, 3417),
(7, '2013-08-09 12:28:27', 'evgeniy.pevtsov@yandex.ua', '26847db8c54dfb821e22f9228ee47eb4', 0.00, 0, '2013-08-09 12:28:27', '195.95.210.193', NULL, NULL, NULL, '7cbbc409ec990f19c78c75bd1e06f215', 1, -1486),
(12, '2013-08-22 18:30:18', 'virtaras2@gmail.com', 'da358acd96ab448cda18f64e439a0cff', 0.00, 0, '2013-08-22 18:30:18', '95.67.77.219', NULL, NULL, NULL, '01f928ae8598214e34a1096dd57c37a0', 0, -1486),
(13, '2013-08-22 18:38:48', 'asdas@asda.net', '8bd20c42c57068a1eba0eb133cb7fb83', 0.00, 0, '2013-08-22 18:38:48', '95.67.77.219', NULL, NULL, NULL, '713b44b3c0f1cb86c8b24c642feef2d0', 0, -1486),
(14, '2013-08-23 23:09:24', 'virtaras1234@gmail.com', '7d44e7cd2b93eae7c532f0df01470fb3', 0.00, 0, '2013-08-23 23:09:24', '95.158.53.146', NULL, NULL, NULL, '94d30ecabb93e4c37df2c62b02ac8f73', 0, -1486),
(15, '2013-08-28 15:57:40', 'virtaras234@gmail.com', '54e6ab71a4337cddbf5a122ab594e65b', 0.00, 0, '2013-08-28 15:57:40', '95.67.77.219', NULL, NULL, NULL, '899d5d14a3b951f38c4f131acf4eb795', 0, -1486),
(16, '2013-08-29 18:49:17', 'wrdrdrd@ukr.net', 'b045dc3952179182df1980713f5be44b', 0.00, 0, '2013-08-29 18:49:17', '95.67.77.219', NULL, NULL, NULL, '7045a9b3cb8f990835c3c6473e0ade6d', 0, -1486),
(17, '2013-08-30 13:00:12', 'droopy2006@rambler.ru', 'da1aa8b19c25532122f6882b0dcb4e4d', 0.00, 0, '2013-08-30 13:00:12', '95.67.77.219', NULL, NULL, NULL, 'c9f063db172872e51a1f808f63fbccb5', 0, -1486),
(18, '2013-09-03 20:52:08', 'teaas@ta.aa', '5a8d839c64eea31dc13c0dd0c0d31a4e', 0.00, 0, '2013-09-03 20:52:08', '93.74.76.190', NULL, NULL, NULL, '82baa69adc942d1cba18e69db690cbbf', 0, -1486),
(19, '2013-09-12 16:46:35', 'mekhed.r@gmail.com', 'eceaf0901380b9d44e9e5b06705126b9', 0.00, 0, '2013-09-12 16:46:35', '95.67.77.219', 'бурундук', 'бурундук', '', 'cfecdb276f634854f3ef915e2e980c31', 0, -1486),
(20, '2013-09-12 18:35:55', 'virtaras777@gmail.com', 'c3372d091add4bd4a01a211353dcdb67', 0.00, 0, '2013-09-12 18:35:55', '95.67.77.219', NULL, NULL, NULL, '696418b3b148eeae73bcdcf118a05a57', 0, -583),
(21, '2013-09-13 11:24:35', 'virtaras123@gmail.com', '7bb5d9e33a2f5e3792b9233f81490bf2', 0.00, 0, '2013-09-13 11:24:35', '95.67.77.219', NULL, NULL, NULL, '41439a475c5fe4f19c4d2293f9ee0433', 0, 0),
(22, '2013-09-15 00:18:49', 'sss@aaa.com', '827ccb0eea8a706c4c34a16891f84e7b', 0.00, 0, '2013-09-15 00:18:49', '178.151.234.85', NULL, NULL, NULL, 'ec8ce6abb3e952a85b8551ba726a1227', 0, 0),
(23, '2013-09-16 04:36:37', 'mlpyru@pkbbun.com', '448cf895a05adf66ead82497324f6543', 0.00, 0, '2013-09-16 04:36:37', '91.200.14.59', NULL, NULL, NULL, '6da9003b743b65f4c0ccd295cc484e57', 0, 0),
(24, '2013-09-16 10:32:10', 'virtaras00@gmail.com', 'dcddb75469b4b4875094e14561e573d8', 0.00, 0, '2013-09-16 10:32:10', '95.67.77.219', NULL, NULL, NULL, '335f5352088d7d9bf74191e006d8e24c', 0, 100);

-- --------------------------------------------------------

--
-- Структура таблиці `clients_fields`
--

CREATE TABLE IF NOT EXISTS `clients_fields` (
  `id` bigint(20) NOT NULL AUTO_INCREMENT,
  `title` varchar(200) NOT NULL,
  `code` varchar(200) NOT NULL,
  `fieldtype` bigint(20) DEFAULT NULL,
  `items` varchar(1000) NOT NULL,
  `isrequired` int(11) NOT NULL DEFAULT '0',
  `showorder` int(11) NOT NULL DEFAULT '0',
  `order_field` bigint(20) NOT NULL DEFAULT '0',
  `in_register` int(11) NOT NULL DEFAULT '1',
  PRIMARY KEY (`id`)
) ENGINE=MyISAM  DEFAULT CHARSET=utf8 AUTO_INCREMENT=13 ;

--
-- Дамп даних таблиці `clients_fields`
--

INSERT INTO `clients_fields` (`id`, `title`, `code`, `fieldtype`, `items`, `isrequired`, `showorder`, `order_field`, `in_register`) VALUES
(10, 'Имя', 'r129', 1, '', 1, 1, 1, 1),
(11, 'Телефон', 'r130', 1, '', 1, 2, 2, 0),
(12, 'Адрес доставки', 'r131', 4, '', 0, 3, 3, 0);

-- --------------------------------------------------------

--
-- Структура таблиці `comments`
--

CREATE TABLE IF NOT EXISTS `comments` (
  `id` bigint(20) NOT NULL AUTO_INCREMENT,
  `goodsid` bigint(20) NOT NULL,
  `create_date` date NOT NULL,
  `name` varchar(200) NOT NULL,
  `email` varchar(200) NOT NULL,
  `experience` varchar(50) NOT NULL,
  `rating` int(11) NOT NULL DEFAULT '0',
  `dignity` varchar(1000) NOT NULL,
  `limitations` varchar(1000) NOT NULL,
  `info` text NOT NULL,
  `publish` int(11) NOT NULL DEFAULT '0',
  `useful` int(11) NOT NULL DEFAULT '0',
  `unuseful` int(11) NOT NULL DEFAULT '0',
  PRIMARY KEY (`id`)
) ENGINE=MyISAM DEFAULT CHARSET=utf8 AUTO_INCREMENT=1 ;

-- --------------------------------------------------------

--
-- Структура таблиці `content`
--

CREATE TABLE IF NOT EXISTS `content` (
  `id` bigint(20) NOT NULL AUTO_INCREMENT,
  `parentid` bigint(20) NOT NULL DEFAULT '0',
  `name` varchar(200) DEFAULT NULL,
  `urlname` varchar(200) DEFAULT NULL,
  `create_date` date NOT NULL DEFAULT '0000-00-00',
  `pagesize` int(11) NOT NULL DEFAULT '0',
  `preview` varchar(500) NOT NULL,
  `info` text NOT NULL,
  `showorder` int(11) NOT NULL DEFAULT '1000',
  `formid` bigint(20) NOT NULL DEFAULT '0',
  `showtype` int(11) NOT NULL DEFAULT '0',
  `script` bigint(20) NOT NULL DEFAULT '0',
  `price` varchar(200) NOT NULL DEFAULT '0.00',
  `title` varchar(255) DEFAULT NULL,
  `description` varchar(255) DEFAULT NULL,
  `keywords` varchar(255) DEFAULT NULL,
  `url` varchar(500) NOT NULL,
  `sdate` date NOT NULL,
  `hide_content` int(11) NOT NULL DEFAULT '0',
  `ispublish` int(11) NOT NULL DEFAULT '0',
  `tags` varchar(300) NOT NULL,
  `content_id` int(10) NOT NULL,
  `goods` text NOT NULL,
  PRIMARY KEY (`id`),
  FULLTEXT KEY `name` (`name`,`info`)
) ENGINE=MyISAM  DEFAULT CHARSET=utf8 AUTO_INCREMENT=79 ;

--
-- Дамп даних таблиці `content`
--

INSERT INTO `content` (`id`, `parentid`, `name`, `urlname`, `create_date`, `pagesize`, `preview`, `info`, `showorder`, `formid`, `showtype`, `script`, `price`, `title`, `description`, `keywords`, `url`, `sdate`, `hide_content`, `ispublish`, `tags`, `content_id`, `goods`) VALUES
(1, 0, 'Интернет магазин Fashion Style!', 'index', '2013-08-15', 0, '', '&lt;p&gt;Ничто так быстро не превращает Золушку в принцессу, как красиво сшитое платье и удачно подобранные аксессуары к нему. Выберите любую женщину из толпы, которая идет, обремененная заботами и проблемами, не поднимая глаз мимо роскошных бутиков и модных салонов; она &amp;laquo;серая мышка&amp;raquo;, неопределенного возраста, с опущенными плечами и потухшим взором. А ведь, стоит одеть ее в модную одежду, подобрать красивую бижутерию, стильную обувь и завершить образ сумочкой, подчеркивающей индивидуальность и женственность, и то, что Вы увидите в сияющих глазах, расскажет, что она молода и хороша собой, что у нее ладная фигура и красивые ноги. Вот что делает одежда с человеком!&lt;/p&gt;\r\n', 1, -1, -1, 1, '0.00', 'Интернет магазин Fashion Style!', '', '', 'index', '2012-08-25', 1, 1, '', 0, ''),
(14, 0, '404', '404', '2013-08-15', 0, '', '', 9, -1, -1, -1, '0.00', '', '', '', '404', '2012-12-08', 0, 0, '', 0, ''),
(55, 0, 'Подарочные карты', 'podarochnye-karty', '2013-09-10', 0, 'Подарочный сертификат один из самых ярких, удобных и популярный способ выразить свои чувства. Приобретая сертификат в интернет-магазине _____________Вы можете поздравить кого угодно, дарите возможность приобрести вещи в нашем магазине шоу-руме, подчёркивая, таким образом, безупречный вкус получателя.\r\nВы можете приобрести подарочные сертификаты на сайте__________ или же в магазине шоу-руме “Fashion Style” по адресу г. Киев, ул. Маршала К', '&lt;p&gt;равила использования&lt;br /&gt;\r\n&amp;ndash; &amp;nbsp;Подарочный сертификат может быть приобретен за наличный расчет или с использованием платежной карты.&lt;br /&gt;\r\n&amp;ndash; &amp;nbsp;Подарочный сертификат действителен в течение 2 месяцев со дня активации.&lt;br /&gt;\r\n&amp;ndash; &amp;nbsp;Подарочный сертификат возврату или обмену на сертификат другого номинала не подлежит.&lt;br /&gt;\r\n&amp;ndash; &amp;nbsp;Подарочный сертификат не подлежит возврату или обмену на денежные средства. &amp;nbsp;&amp;nbsp;&lt;br /&gt;\r\n&amp;ndash; &amp;nbsp;В случае утери подарочный сертификат не восстанавливается.&lt;br /&gt;\r\n&amp;ndash; &amp;nbsp;Срок действия подарочного сертификата не продлевается. По истечении срока действия сертификат считается недействительным, денежные средства &amp;nbsp; &amp;nbsp; &amp;nbsp; &amp;nbsp; &amp;nbsp; &amp;nbsp; &amp;nbsp; &amp;nbsp; предъявителю подарочного сертификата не возвращаются.&lt;br /&gt;\r\n&amp;ndash; &amp;nbsp;При оплате подарочным сертификатом товаров общей стоимостью ниже его номинала, разница в денежном эквиваленте не компенсируется. Если номинал подарочного сертификата меньше стоимости выбранного товара, его владелец должен доплатить разницу. &amp;nbsp;&lt;br /&gt;\r\n&amp;ndash; &amp;nbsp;При оплате товаров Подарочные сертификаты не суммируются. &amp;nbsp;&lt;br /&gt;\r\nВ случае окончания срока действия подарочного сертификата, покупатель не вправе использовать такой сертификат в счет оплаты товаров. Денежные средства в данном случае возврату не подлежат.&lt;/p&gt;\r\n', 3, -1, -1, 12, '0.00', 'Подарочные карты', '', '', 'podarochnye-karty', '2013-07-04', 1, 1, '', 0, '77796,77798,77797,77799'),
(56, 0, 'Доставка', 'dostavka', '2013-09-10', 0, 'Подарочный сертификат один из самых ярких, удобных и популярный способ выразить свои чувства. Приобретая сертификат в интернет-магазине _____________Вы можете поздравить кого угодно, дарите возможность приобрести вещи в нашем магазине шоу-руме, подчёркивая, таким образом, безупречный вкус получателя.\r\nВы можете приобрести подарочные сертификаты на сайте__________ или же в магазине шоу-руме “Fashion Style” по адресу г. Киев, ул. Маршала К', '&lt;p&gt;равила использования&lt;br /&gt;\r\n&amp;ndash; &amp;nbsp;Подарочный сертификат может быть приобретен за наличный расчет или с использованием платежной карты.&lt;br /&gt;\r\n&amp;ndash; &amp;nbsp;Подарочный сертификат действителен в течение 2 месяцев со дня активации.&lt;br /&gt;\r\n&amp;ndash; &amp;nbsp;Подарочный сертификат возврату или обмену на сертификат другого номинала не подлежит.&lt;br /&gt;\r\n&amp;ndash; &amp;nbsp;Подарочный сертификат не подлежит возврату или обмену на денежные средства. &amp;nbsp;&amp;nbsp;&lt;br /&gt;\r\n&amp;ndash; &amp;nbsp;В случае утери подарочный сертификат не восстанавливается.&lt;br /&gt;\r\n&amp;ndash; &amp;nbsp;Срок действия подарочного сертификата не продлевается. По истечении срока действия сертификат считается недействительным, денежные средства &amp;nbsp; &amp;nbsp; &amp;nbsp; &amp;nbsp; &amp;nbsp; &amp;nbsp; &amp;nbsp; &amp;nbsp; предъявителю подарочного сертификата не возвращаются.&lt;br /&gt;\r\n&amp;ndash; &amp;nbsp;При оплате подарочным сертификатом товаров общей стоимостью ниже его номинала, разница в денежном эквиваленте не компенсируется. Если номинал подарочного сертификата меньше стоимости выбранного товара, его владелец должен доплатить разницу. &amp;nbsp;&lt;br /&gt;\r\n&amp;ndash; &amp;nbsp;При оплате товаров Подарочные сертификаты не суммируются. &amp;nbsp;&lt;br /&gt;\r\nВ случае окончания срока действия подарочного сертификата, покупатель не вправе использовать такой сертификат в счет оплаты товаров. Денежные средства в данном случае возврату не подлежат.&lt;/p&gt;\r\n', 4, -1, -1, 13, '0.00', '', '', '', 'dostavka', '2013-07-04', 1, 1, '', 0, ''),
(57, 0, 'Оплата', 'oplata', '2013-09-10', 0, 'Подарочный сертификат один из самых ярких, удобных и популярный способ выразить свои чувства. Приобретая сертификат в интернет-магазине _____________Вы можете поздравить кого угодно, дарите возможность приобрести вещи в нашем магазине шоу-руме, подчёркивая, таким образом, безупречный вкус получателя.\r\nВы можете приобрести подарочные сертификаты на сайте__________ или же в магазине шоу-руме “Fashion Style” по адресу г. Киев, ул. Маршала К', '&lt;p&gt;равила использования&lt;br /&gt;\r\n&amp;ndash; &amp;nbsp;Подарочный сертификат может быть приобретен за наличный расчет или с использованием платежной карты.&lt;br /&gt;\r\n&amp;ndash; &amp;nbsp;Подарочный сертификат действителен в течение 2 месяцев со дня активации.&lt;br /&gt;\r\n&amp;ndash; &amp;nbsp;Подарочный сертификат возврату или обмену на сертификат другого номинала не подлежит.&lt;br /&gt;\r\n&amp;ndash; &amp;nbsp;Подарочный сертификат не подлежит возврату или обмену на денежные средства. &amp;nbsp;&amp;nbsp;&lt;br /&gt;\r\n&amp;ndash; &amp;nbsp;В случае утери подарочный сертификат не восстанавливается.&lt;br /&gt;\r\n&amp;ndash; &amp;nbsp;Срок действия подарочного сертификата не продлевается. По истечении срока действия сертификат считается недействительным, денежные средства &amp;nbsp; &amp;nbsp; &amp;nbsp; &amp;nbsp; &amp;nbsp; &amp;nbsp; &amp;nbsp; &amp;nbsp; предъявителю подарочного сертификата не возвращаются.&lt;br /&gt;\r\n&amp;ndash; &amp;nbsp;При оплате подарочным сертификатом товаров общей стоимостью ниже его номинала, разница в денежном эквиваленте не компенсируется. Если номинал подарочного сертификата меньше стоимости выбранного товара, его владелец должен доплатить разницу. &amp;nbsp;&lt;br /&gt;\r\n&amp;ndash; &amp;nbsp;При оплате товаров Подарочные сертификаты не суммируются. &amp;nbsp;&lt;br /&gt;\r\nВ случае окончания срока действия подарочного сертификата, покупатель не вправе использовать такой сертификат в счет оплаты товаров. Денежные средства в данном случае возврату не подлежат.&lt;/p&gt;\r\n', 5, -1, -1, 13, '0.00', '', '', '', 'oplata', '2013-07-04', 1, 1, '', 0, ''),
(58, 0, 'Гарантии', 'garantii', '2013-09-10', 0, 'Подарочный сертификат один из самых ярких, удобных и популярный способ выразить свои чувства. Приобретая сертификат в интернет-магазине _____________Вы можете поздравить кого угодно, дарите возможность приобрести вещи в нашем магазине шоу-руме, подчёркивая, таким образом, безупречный вкус получателя.\r\nВы можете приобрести подарочные сертификаты на сайте__________ или же в магазине шоу-руме “Fashion Style” по адресу г. Киев, ул. Маршала К', '&lt;p&gt;равила использования&lt;br /&gt;\r\n&amp;ndash; &amp;nbsp;Подарочный сертификат может быть приобретен за наличный расчет или с использованием платежной карты.&lt;br /&gt;\r\n&amp;ndash; &amp;nbsp;Подарочный сертификат действителен в течение 2 месяцев со дня активации.&lt;br /&gt;\r\n&amp;ndash; &amp;nbsp;Подарочный сертификат возврату или обмену на сертификат другого номинала не подлежит.&lt;br /&gt;\r\n&amp;ndash; &amp;nbsp;Подарочный сертификат не подлежит возврату или обмену на денежные средства. &amp;nbsp;&amp;nbsp;&lt;br /&gt;\r\n&amp;ndash; &amp;nbsp;В случае утери подарочный сертификат не восстанавливается.&lt;br /&gt;\r\n&amp;ndash; &amp;nbsp;Срок действия подарочного сертификата не продлевается. По истечении срока действия сертификат считается недействительным, денежные средства &amp;nbsp; &amp;nbsp; &amp;nbsp; &amp;nbsp; &amp;nbsp; &amp;nbsp; &amp;nbsp; &amp;nbsp; предъявителю подарочного сертификата не возвращаются.&lt;br /&gt;\r\n&amp;ndash; &amp;nbsp;При оплате подарочным сертификатом товаров общей стоимостью ниже его номинала, разница в денежном эквиваленте не компенсируется. Если номинал подарочного сертификата меньше стоимости выбранного товара, его владелец должен доплатить разницу. &amp;nbsp;&lt;br /&gt;\r\n&amp;ndash; &amp;nbsp;При оплате товаров Подарочные сертификаты не суммируются. &amp;nbsp;&lt;br /&gt;\r\nВ случае окончания срока действия подарочного сертификата, покупатель не вправе использовать такой сертификат в счет оплаты товаров. Денежные средства в данном случае возврату не подлежат.&lt;/p&gt;\r\n', 6, -1, -1, 13, '0.00', '', '', '', 'garantii', '2013-07-04', 1, 1, '', 0, ''),
(59, 0, 'Контакты', 'kontakty', '2013-08-21', 0, '', '', 7, -1, -1, 10, '0.00', '', '', '', 'kontakty', '2013-07-04', 1, 1, '', 0, ''),
(60, 0, 'Баннеры на главной', 'bannery-na-glavnoi', '2013-08-15', 0, '', '', 8, -1, -1, -1, '0.00', '', '', '', 'bannery-na-glavnoi', '2013-07-04', 0, 1, '', 0, ''),
(61, 60, 'Первая линия', 'pervaja-linija', '2013-07-04', 0, '', '', 1, -1, -1, -1, '0.00', '', '', '', 'bannery-na-glavnoi/pervaja-linija', '2013-07-04', 0, 1, '', 0, ''),
(62, 60, 'Вторая линия', 'vtoraja-linija', '2013-07-04', 0, '', '', 2, -1, -1, -1, '0.00', '', '', '', 'bannery-na-glavnoi/vtoraja-linija', '2013-07-04', 0, 1, '', 0, ''),
(63, 60, 'Слайдер', 'slaider', '2013-07-04', 0, '', '', 3, -1, -1, -1, '0.00', '', '', '', 'bannery-na-glavnoi/slaider', '2013-07-04', 0, 1, '', 0, ''),
(64, 0, 'Бренды', 'brands', '2013-08-15', 0, '', '&lt;p&gt;Брендовая одежда&lt;/p&gt;\r\n', 9, -1, -1, 6, '0.00', '', '', '', 'brands', '2013-07-08', 0, 1, '', 0, ''),
(65, 0, 'Новинки', 'novinki', '2013-08-15', 0, '', '&lt;h2&gt;SEO&lt;/h2&gt;\r\n\r\n&lt;p&gt;Ценовая стратегия, вопреки мнению П.Друкера, притягивает имидж, оптимизируя бюджеты. Надо&amp;nbsp;сказать,&amp;nbsp;что эластичность спроса усиливает фирменный портрет потребителя, используя опыт предыдущих кампаний. Поведенческий таргетинг однообразно оправдывает метод изучения рынка, размещаясь во всех медиа. Рейтинг осмысленно притягивает медиаплан, невзирая на действия конкурентов. Рекламный блок интуитивно стабилизирует анализ зарубежного опыта, учитывая результат предыдущих медиа-кампаний. SWOT-анализ, на первый взгляд, специфицирует эмпирический рейтинг, размещаясь во всех медиа.&lt;/p&gt;\r\n\r\n&lt;p&gt;Пак-шот методически создает клиентский спрос, невзирая на действия конкурентов. Рекламный блок,&amp;nbsp;конечно, развивает опрос, повышая конкуренцию. Можно&amp;nbsp;предположить,&amp;nbsp;что спонсорство неестественно программирует фактор коммуникации, опираясь на опыт западных коллег. Изменение глобальной стратегии, пренебрегая деталями, осмысленно отталкивает SWOT-анализ, не считаясь с затратами.&lt;/p&gt;\r\n\r\n&lt;p&gt;Ценовая стратегия притягивает CTR, учитывая современные тенденции. Рекламоноситель консолидирует продукт, учитывая современные тенденции. Надо&amp;nbsp;сказать,&amp;nbsp;что рекламоноситель основан&amp;nbsp;на&amp;nbsp;тщательном анализе данных. Информационная связь с потребителем,&amp;nbsp;конечно, раскручивает процесс стратегического планирования, невзирая на действия конкурентов.&lt;/p&gt;\r\n', 10, -1, -1, 7, '0.00', '', '', '', 'novinki', '2013-07-09', 1, 1, '', 0, ''),
(66, 55, 'Подарочные карты', 'podarochnye-karty', '2013-07-26', 0, 'Подарочный сертификат один из самых ярких, удобных и популярный способ выразить свои чувства. Приобретая сертификат в интернет-магазине FStyle Вы можете поздравить кого угодно, дарите возможность приобрести вещи в нашем магазине шоу-руме, подчёркивая, таким образом, безупречный вкус получателя.', '&lt;p style=&quot;margin-left:2.85pt;&quot;&gt;Подарочный сертификат один из самых ярких, удобных и популярный способ выразить свои чувства. Приобретая сертификат в интернет-магазине FStyle Вы можете поздравить кого угодно, дарите возможность приобрести вещи в нашем магазине шоу-руме, подчёркивая, таким образом, безупречный вкус получателя.&lt;/p&gt;\r\n\r\n&lt;p style=&quot;margin-left:2.85pt;&quot;&gt;Вы можете приобрести подарочные сертификаты на сайте__________ или же в магазине шоу-руме &amp;ldquo;FStyle&amp;rdquo; по адресу г. Киев, ул. Маршала Конева,9, следующего номинала:&lt;/p&gt;\r\n\r\n&lt;p style=&quot;margin-left:2.85pt;&quot;&gt;1. 300 грн.&lt;/p&gt;\r\n\r\n&lt;p style=&quot;margin-left:2.85pt;&quot;&gt;2. 500 грн.&lt;/p&gt;\r\n\r\n&lt;p style=&quot;margin-left:2.85pt;&quot;&gt;3. 1000 грн.&lt;/p&gt;\r\n\r\n&lt;p style=&quot;margin-left:2.85pt;&quot;&gt;4. 2000 грн.&lt;/p&gt;\r\n\r\n&lt;p style=&quot;margin-left:2.85pt;&quot;&gt;Подарочный сертификат может быть приобретен за наличный расчет или с использованием платежной карты.&lt;/p&gt;\r\n\r\n&lt;p style=&quot;margin-left:2.85pt;&quot;&gt;Подарочный сертификат действителен в течение 2 месяцев со дня активации.&lt;/p&gt;\r\n\r\n&lt;p style=&quot;margin-left:2.85pt;&quot;&gt;Подарочный сертификат возврату или обмену на сертификат другого номинала не подлежит.&lt;/p&gt;\r\n\r\n&lt;p style=&quot;margin-left:2.85pt;&quot;&gt;Подарочный сертификат не подлежит возврату или обмену на денежные средства.&amp;nbsp;&amp;nbsp;&lt;/p&gt;\r\n\r\n&lt;p style=&quot;margin-left:2.85pt;&quot;&gt;В случае утери подарочный сертификат не восстанавливается.&lt;/p&gt;\r\n\r\n&lt;p style=&quot;margin-left:2.85pt;&quot;&gt;Срок действия подарочного сертификата не продлевается. По истечении срока действия сертификат считается недействительным, денежные средства предъявителю подарочного сертификата не возвращаются.&lt;/p&gt;\r\n\r\n&lt;p style=&quot;margin-left:2.85pt;&quot;&gt;При оплате подарочным сертификатом товаров общей стоимостью ниже его номинала, разница в денежном эквиваленте не компенсируется. Если номинал подарочного сертификата меньше стоимости выбранного товара, его владелец должен доплатить разницу.&amp;nbsp;&lt;/p&gt;\r\n\r\n&lt;p style=&quot;margin-left:2.85pt;&quot;&gt;При оплате товаров Подарочные сертификаты не суммируются.&amp;nbsp;&lt;/p&gt;\r\n\r\n&lt;p style=&quot;margin-left:2.85pt;&quot;&gt;В случае окончания срока действия подарочного сертификата, покупатель не вправе использовать такой сертификат в счет оплаты товаров. Денежные средства в данном случае возврату не подлежат.&lt;/p&gt;\r\n', 1, 2, 1, 1, '0.00', '', '', '', 'podarochnye-karty/podarochnye-karty', '2013-07-26', 0, 1, '', 0, ''),
(67, 64, 'Dolce &amp; Gabbana', 'dolce-gabbana', '2013-07-26', 0, 'Dolce&amp;Gabbana – новый взгляд на роскошь, подлинную и неординарную', '&lt;p&gt;Dolce&amp;amp;Gabbana &amp;ndash; новый взгляд на роскошь, подлинную и неординарную. Стиль, в котором безупречное качество сочетается с необузданной креативностью, облекает элегантность в новые формы, обращаясь к классицизму в современном исполнении.&lt;br /&gt;\r\nРазвитие бренда Dolce&amp;amp;Gabbana продолжает отражать новые, самые экстравагантные тенденции моды, одновременно сохраняя приверженность ценностям, определяющим его яркую индивидуальность. Сезон за сезоном самые инновационные решения Dolce&amp;amp;Gabbana несут отпечаток неповторимого духа Средиземноморья &amp;ndash; неизменного источника вдохновения создателей бренда. Именно такое переплетение контрастов лежит в основе уникального характера&lt;/p&gt;\r\n', 1, -1, 1, 1, '0.00', '', '', '', 'brands/dolce-gabbana', '2013-07-26', 0, 1, '', 0, ''),
(68, 64, 'Blumarine', 'blumarine', '2013-07-26', 0, ' Blumarine (читается Блюмарин или Блумарин) – итальянская марка женской одежды. Характеризуется как бренд «для женщин, у которых нет таких понятий, как слишком короткое платье или слишком большие бриллианты».', '&lt;p&gt;&amp;nbsp;Бренд Blumarine был основан Анной Молинари (Anna Molinari) и ее мужем Жан-Паоло Тарабини (Gianpaolo Tarabini) в Италии в 1977 году.&amp;nbsp;Родители Анны владели своей небольшой ткацкой фабрикой, поэтому она с детства хорошо разбиралась в одежде и умела отлично шить. А Жан-Паоло был талантливым предпринимателем. Он сразу взял на себя все финансовые и административные вопросы. Они дали своему бренду такое название (Blu &amp;ndash; синий, marine &amp;ndash; морской), потому что оба обожали море, а синий был их любимым цветом.&lt;/p&gt;\r\n\r\n&lt;p&gt;&amp;nbsp; &amp;nbsp;В 1980 году они впервые представили свою коллекцию в Милане. Она имела такой успех, что Анна и Жан-Паоло были названы дизайнерами года, что дало им право участвовать в Неделе моды. В 1986 году на Неделе моды все в том же Милане была представлена первая коллекция, полностью разработанная Анной.&lt;/p&gt;\r\n\r\n&lt;p&gt;&amp;nbsp; &amp;nbsp;В 1987 году появился дочерний бренд &amp;ndash; Miss Blumarine. Одежда этого бренда предназначалась для девочек от 4 до 14 лет. Для того чтобы объединить Blumarine и Miss Blumarine под единым руководством, была создана компания Blufin s.p.a. Ее возглавил Жан-Паоло Тарабини и его сын &amp;ndash; Жан-Гвидо.&amp;nbsp;В 1990 году в Милане был открыт первый&amp;nbsp;бутик&amp;nbsp;Blumarine.&lt;/p&gt;\r\n\r\n&lt;p&gt;&amp;nbsp; &amp;nbsp;В 1995 году появился еще два &amp;nbsp;дочерних бренда &amp;ndash; Blugirl, который представлял одежду для тинейджеров, и Anna Molinari, который выпускал одежду класса люкс. Главным дизайнером марки Anna Molinari стала дочь Анны &amp;ndash; Росселла.&lt;/p&gt;\r\n\r\n&lt;p&gt;&amp;nbsp; &amp;nbsp;Сама Анна Молинари получила множество наград за выдающиеся достижения в области дизайна. В 2001 году она удостоилась премии Isimbardi Fashion Award, а в 2003 году получила Оскар мира моды &amp;ndash; награду La Kore.&amp;nbsp;Анна много времени посвящала благотворительности, жертвуя средства фонду по борьбе с остеопорозом, а также реабилитационным центрам для заключенных.&amp;nbsp;В 2006 году Жан-Паоло Тарабини скончался и место руководителя компании занял его сын &amp;ndash; Жан-Гвидо.&lt;/p&gt;\r\n', 2, -1, -1, -1, '0.00', '', '', '', 'brands/blumarine', '2013-07-26', 0, 1, '', 0, ''),
(70, 0, 'Гид по стилю', 'gid-po-stily', '2013-09-02', 0, 'Стилисты рекомендуют: Главные тренды лето-2013', '&lt;p&gt;&amp;nbsp;&lt;/p&gt;\r\n\r\n&lt;p&gt;Ничто так быстро не превращает Золушку в принцессу, как красиво сшитое платье и удачно подобранные аксессуары к нему. Выберите любую женщину из толпы, которая идет, обремененная заботами и проблемами, не поднимая глаз мимо роскошных бутиков и модных салонов; она &amp;laquo;серая мышка&amp;raquo;, неопределенного возраста, с опущенными плечами и потухшим взором. А ведь, стоит одеть ее в модную одежду, подобрать красивую бижутерию, стильную обувь и завершить образ сумочкой, подчеркивающей индивидуальность и женственность, и то, что Вы увидите в сияющих глазах, расскажет, что она молода и хороша собой, что у нее ладная фигура и красивые ноги. Вот что делает одежда с человеком!&lt;/p&gt;\r\n\r\n&lt;p&gt;Ничто так быстро не превращает Золушку в принцессу, как красиво сшитое платье и удачно подобранные аксессуары к нему. Выберите любую женщину из толпы, которая идет, обремененная заботами и проблемами, не поднимая глаз мимо роскошных бутиков и модных салонов; она &amp;laquo;серая мышка&amp;raquo;, неопределенного возраста, с опущенными плечами и потухшим взором.&lt;/p&gt;\r\n\r\n&lt;p&gt;Ничто так быстро не превращает Золушку в принцессу, как красиво сшитое платье и удачно подобранные аксессуары к нему.&lt;/p&gt;\r\n', 11, -1, -1, 11, '0.00', '', '', '', 'gid-po-stily', '2013-08-15', 1, 1, '', 0, ''),
(72, 71, 'Избранное', 'izbrannoe', '2013-08-16', 0, '', '', 1, -1, -1, 9, '0.00', '', '', '', 'izbrannoe', '2013-08-16', 1, 1, '', 0, ''),
(73, 70, 'Платья и костюмы', 'stilisty-rekomenduyut-glavnye-trendy-leto-2013', '2013-09-04', 0, 'сезонные скидки до 20%', '&lt;p style=&quot;margin: 0px 0px 1.6em; padding: 0px; color: rgb(0, 0, 0); font-family: &#039;Trebuchet MS&#039;, sans-serif; font-size: 12px; line-height: 20px;&quot;&gt;Ничто так быстро не превращает Золушку в принцессу, как красиво сшитое платье и удачно подобранные аксессуары к нему. Выберите любую женщину из толпы, которая идет, обремененная заботами и проблемами, не поднимая глаз мимо роскошных бутиков и модных салонов; она &amp;laquo;серая мышка&amp;raquo;, неопределенного возраста, с опущенными плечами и потухшим взором. А ведь, стоит одеть ее в модную одежду, подобрать красивую бижутерию, стильную обувь и завершить образ сумочкой, подчеркивающей индивидуальность и женственность, и то, что Вы увидите в сияющих глазах, расскажет, что она молода и хороша собой, что у нее ладная фигура и красивые ноги. Вот что делает одежда с человеком!&lt;/p&gt;\r\n\r\n&lt;p style=&quot;margin: 0px 0px 1.6em; padding: 0px; color: rgb(0, 0, 0); font-family: &#039;Trebuchet MS&#039;, sans-serif; font-size: 12px; line-height: 20px;&quot;&gt;Ничто так быстро не превращает Золушку в принцессу, как красиво сшитое платье и удачно подобранные аксессуары к нему. Выберите любую женщину из толпы, которая идет, обремененная заботами и проблемами, не поднимая глаз мимо роскошных бутиков и модных салонов; она &amp;laquo;серая мышка&amp;raquo;, неопределенного возраста, с опущенными плечами и потухшим взором.&lt;/p&gt;\r\n\r\n&lt;p style=&quot;margin: 0px 0px 1.6em; padding: 0px; color: rgb(0, 0, 0); font-family: &#039;Trebuchet MS&#039;, sans-serif; font-size: 12px; line-height: 20px;&quot;&gt;Ничто так быстро не превращает Золушку в принцессу, как красиво сшитое платье и удачно подобранные аксессуары к нему.&lt;/p&gt;\r\n', 1, -1, -1, 8, '0.00', '', '', '', 'gid-po-stily/stilisty-rekomenduyut-glavnye-trendy-leto-2013', '2013-09-02', 1, 1, '', 77, '123,30,21,34'),
(77, 70, 'Платья и костюмы', 'stilisty-rekomenduyut-glavnye-trendy-leto-2013', '2013-09-04', 0, 'сезонные скидки до 20%', '&lt;p style=&quot;margin: 0px 0px 1.6em; padding: 0px; color: rgb(0, 0, 0); font-family: &#039;Trebuchet MS&#039;, sans-serif; font-size: 12px; line-height: 20px;&quot;&gt;Ничто так быстро не превращает Золушку в принцессу, как красиво сшитое платье и удачно подобранные аксессуары к нему. Выберите любую женщину из толпы, которая идет, обремененная заботами и проблемами, не поднимая глаз мимо роскошных бутиков и модных салонов; она &amp;laquo;серая мышка&amp;raquo;, неопределенного возраста, с опущенными плечами и потухшим взором. А ведь, стоит одеть ее в модную одежду, подобрать красивую бижутерию, стильную обувь и завершить образ сумочкой, подчеркивающей индивидуальность и женственность, и то, что Вы увидите в сияющих глазах, расскажет, что она молода и хороша собой, что у нее ладная фигура и красивые ноги. Вот что делает одежда с человеком!&lt;/p&gt;\r\n\r\n&lt;p style=&quot;margin: 0px 0px 1.6em; padding: 0px; color: rgb(0, 0, 0); font-family: &#039;Trebuchet MS&#039;, sans-serif; font-size: 12px; line-height: 20px;&quot;&gt;Ничто так быстро не превращает Золушку в принцессу, как красиво сшитое платье и удачно подобранные аксессуары к нему. Выберите любую женщину из толпы, которая идет, обремененная заботами и проблемами, не поднимая глаз мимо роскошных бутиков и модных салонов; она &amp;laquo;серая мышка&amp;raquo;, неопределенного возраста, с опущенными плечами и потухшим взором.&lt;/p&gt;\r\n\r\n&lt;p style=&quot;margin: 0px 0px 1.6em; padding: 0px; color: rgb(0, 0, 0); font-family: &#039;Trebuchet MS&#039;, sans-serif; font-size: 12px; line-height: 20px;&quot;&gt;Ничто так быстро не превращает Золушку в принцессу, как красиво сшитое платье и удачно подобранные аксессуары к нему.&lt;/p&gt;\r\n', 1, -1, -1, 8, '0.00', '', '', '', 'gid-po-stily/stilisty-rekomenduyut-glavnye-trendy-leto-2013', '2013-09-02', 1, 1, '', 77, '123,30,21,34'),
(76, 70, 'Платья и костюмы', 'stilisty-rekomenduyut-glavnye-trendy-leto-2013', '2013-09-04', 0, 'сезонные скидки до 20%', '&lt;p style=&quot;margin: 0px 0px 1.6em; padding: 0px; color: rgb(0, 0, 0); font-family: &#039;Trebuchet MS&#039;, sans-serif; font-size: 12px; line-height: 20px;&quot;&gt;Ничто так быстро не превращает Золушку в принцессу, как красиво сшитое платье и удачно подобранные аксессуары к нему. Выберите любую женщину из толпы, которая идет, обремененная заботами и проблемами, не поднимая глаз мимо роскошных бутиков и модных салонов; она &amp;laquo;серая мышка&amp;raquo;, неопределенного возраста, с опущенными плечами и потухшим взором. А ведь, стоит одеть ее в модную одежду, подобрать красивую бижутерию, стильную обувь и завершить образ сумочкой, подчеркивающей индивидуальность и женственность, и то, что Вы увидите в сияющих глазах, расскажет, что она молода и хороша собой, что у нее ладная фигура и красивые ноги. Вот что делает одежда с человеком!&lt;/p&gt;\r\n\r\n&lt;p style=&quot;margin: 0px 0px 1.6em; padding: 0px; color: rgb(0, 0, 0); font-family: &#039;Trebuchet MS&#039;, sans-serif; font-size: 12px; line-height: 20px;&quot;&gt;Ничто так быстро не превращает Золушку в принцессу, как красиво сшитое платье и удачно подобранные аксессуары к нему. Выберите любую женщину из толпы, которая идет, обремененная заботами и проблемами, не поднимая глаз мимо роскошных бутиков и модных салонов; она &amp;laquo;серая мышка&amp;raquo;, неопределенного возраста, с опущенными плечами и потухшим взором.&lt;/p&gt;\r\n\r\n&lt;p style=&quot;margin: 0px 0px 1.6em; padding: 0px; color: rgb(0, 0, 0); font-family: &#039;Trebuchet MS&#039;, sans-serif; font-size: 12px; line-height: 20px;&quot;&gt;Ничто так быстро не превращает Золушку в принцессу, как красиво сшитое платье и удачно подобранные аксессуары к нему.&lt;/p&gt;\r\n', 1, -1, -1, 8, '0.00', '', '', '', 'gid-po-stily/stilisty-rekomenduyut-glavnye-trendy-leto-2013', '2013-09-02', 1, 1, '', 77, '123,30,21,34'),
(75, 0, 'Sales', 'sales', '2013-09-04', 0, '', '&lt;p&gt;SEO SALES&lt;/p&gt;\r\n', 13, -1, -1, -1, '0.00', '', '', '', 'sales', '2013-09-03', 1, 0, '', 0, ''),
(78, 70, 'Платья и костюмы', 'stilisty-rekomenduyut-glavnye-trendy-leto-2013', '2013-09-04', 0, 'сезонные скидки до 20%', '&lt;p style=&quot;margin: 0px 0px 1.6em; padding: 0px; color: rgb(0, 0, 0); font-family: &#039;Trebuchet MS&#039;, sans-serif; font-size: 12px; line-height: 20px;&quot;&gt;Ничто так быстро не превращает Золушку в принцессу, как красиво сшитое платье и удачно подобранные аксессуары к нему. Выберите любую женщину из толпы, которая идет, обремененная заботами и проблемами, не поднимая глаз мимо роскошных бутиков и модных салонов; она &amp;laquo;серая мышка&amp;raquo;, неопределенного возраста, с опущенными плечами и потухшим взором. А ведь, стоит одеть ее в модную одежду, подобрать красивую бижутерию, стильную обувь и завершить образ сумочкой, подчеркивающей индивидуальность и женственность, и то, что Вы увидите в сияющих глазах, расскажет, что она молода и хороша собой, что у нее ладная фигура и красивые ноги. Вот что делает одежда с человеком!&lt;/p&gt;\r\n\r\n&lt;p style=&quot;margin: 0px 0px 1.6em; padding: 0px; color: rgb(0, 0, 0); font-family: &#039;Trebuchet MS&#039;, sans-serif; font-size: 12px; line-height: 20px;&quot;&gt;Ничто так быстро не превращает Золушку в принцессу, как красиво сшитое платье и удачно подобранные аксессуары к нему. Выберите любую женщину из толпы, которая идет, обремененная заботами и проблемами, не поднимая глаз мимо роскошных бутиков и модных салонов; она &amp;laquo;серая мышка&amp;raquo;, неопределенного возраста, с опущенными плечами и потухшим взором.&lt;/p&gt;\r\n\r\n&lt;p style=&quot;margin: 0px 0px 1.6em; padding: 0px; color: rgb(0, 0, 0); font-family: &#039;Trebuchet MS&#039;, sans-serif; font-size: 12px; line-height: 20px;&quot;&gt;Ничто так быстро не превращает Золушку в принцессу, как красиво сшитое платье и удачно подобранные аксессуары к нему.&lt;/p&gt;\r\n', 1, -1, -1, 8, '0.00', '', '', '', 'gid-po-stily/stilisty-rekomenduyut-glavnye-trendy-leto-2013', '2013-09-02', 1, 1, '', 77, '123,30,21,34');

-- --------------------------------------------------------

--
-- Структура таблиці `contentarea`
--

CREATE TABLE IF NOT EXISTS `contentarea` (
  `id` bigint(20) NOT NULL AUTO_INCREMENT,
  `strongname` varchar(50) NOT NULL DEFAULT '',
  `title` varchar(200) NOT NULL DEFAULT '',
  `plaintext` int(11) NOT NULL DEFAULT '0',
  `html` text NOT NULL,
  PRIMARY KEY (`id`)
) ENGINE=MyISAM  DEFAULT CHARSET=utf8 AUTO_INCREMENT=56 ;

--
-- Дамп даних таблиці `contentarea`
--

INSERT INTO `contentarea` (`id`, `strongname`, `title`, `plaintext`, `html`) VALUES
(5, 'basket_empty', 'Текст в пустой корзине.', 0, '&lt;p&gt;\r\n	&lt;strong&gt;Ваша корзина не содрежит товаров.&lt;/strong&gt;&lt;/p&gt;\r\n'),
(6, 'basket_after_order', 'Текст в корзине после заказа', 0, '&lt;p&gt;\r\n	&amp;nbsp;&lt;/p&gt;\r\n&lt;p&gt;\r\n	&lt;strong&gt;Ваш заказ успешно отправлен. Мы свяжемся с Вами в ближайшее время для согласования заказа.&lt;/strong&gt;&lt;/p&gt;\r\n'),
(7, 'registr_mail', 'Уведомление о регистрации', 0, '&lt;p&gt;\r\n	@email&lt;/p&gt;\r\n&lt;p&gt;\r\n	@passw&lt;/p&gt;\r\n'),
(52, 'default-promo-text', 'Промо блок на главной', 1, '&lt;div class=&quot;link-menu&quot;&gt;\r\n&lt;div class=&quot;link-menu-item&quot;&gt;\r\n&lt;div class=&quot;link-menu-icon&quot;&gt;&lt;a href=&quot;#&quot;&gt;&lt;img alt=&quot;&quot; src=&quot;/templates/images/lm-icon1.png&quot; /&gt; &lt;/a&gt;&lt;/div&gt;\r\n\r\n&lt;div class=&quot;link-menu-title&quot;&gt;&lt;a href=&quot;#&quot;&gt;100+ брендов&lt;/a&gt;&lt;/div&gt;\r\n&lt;a href=&quot;#&quot;&gt;каталог товаров &lt;/a&gt;&lt;/div&gt;\r\n\r\n&lt;div class=&quot;link-menu-item&quot;&gt;\r\n&lt;div class=&quot;link-menu-icon&quot;&gt;&lt;a href=&quot;#&quot;&gt;&lt;img alt=&quot;&quot; src=&quot;/templates/images/lm-icon2.png&quot; /&gt; &lt;/a&gt;&lt;/div&gt;\r\n\r\n&lt;div class=&quot;link-menu-title&quot;&gt;&lt;a href=&quot;#&quot;&gt;Бесплатная доставка&lt;/a&gt;&lt;/div&gt;\r\n&lt;a href=&quot;#&quot;&gt;при заказе от 500 грн &lt;/a&gt;&lt;/div&gt;\r\n\r\n&lt;div class=&quot;link-menu-item&quot;&gt;\r\n&lt;div class=&quot;link-menu-icon&quot;&gt;&lt;a href=&quot;#&quot;&gt;&lt;img alt=&quot;&quot; src=&quot;/templates/images/lm-icon3.png&quot; /&gt; &lt;/a&gt;&lt;/div&gt;\r\n\r\n&lt;div class=&quot;link-menu-title&quot;&gt;&lt;a href=&quot;#&quot;&gt;Возврат товара&lt;/a&gt;&lt;/div&gt;\r\n&lt;a href=&quot;#&quot;&gt;в течении 14 дней &lt;/a&gt;&lt;/div&gt;\r\n\r\n&lt;div class=&quot;link-menu-item&quot;&gt;\r\n&lt;div class=&quot;link-menu-icon&quot;&gt;&lt;a href=&quot;#&quot;&gt;&lt;img alt=&quot;&quot; src=&quot;/templates/images/lm-icon4.png&quot; /&gt; &lt;/a&gt;&lt;/div&gt;\r\n\r\n&lt;div class=&quot;link-menu-title&quot;&gt;&lt;a href=&quot;#&quot;&gt;Подарочные карты&lt;/a&gt;&lt;/div&gt;\r\n&lt;a href=&quot;#&quot;&gt;на весь ассортимент &lt;/a&gt;&lt;/div&gt;\r\n\r\n&lt;div class=&quot;clear&quot;&gt;&amp;nbsp;&lt;/div&gt;\r\n&lt;/div&gt;\r\n'),
(53, 'footer-soc-menu', 'Ссылки на соц. сети', 1, '&lt;a class=&quot;vk&quot; href=&quot;#&quot;&gt;&lt;/a&gt;\r\n				&lt;a class=&quot;fb&quot; href=&quot;#&quot;&gt;&lt;/a&gt;\r\n				&lt;a class=&quot;tw&quot; href=&quot;#&quot;&gt;&lt;/a&gt;\r\n				&lt;a class=&quot;gg&quot; href=&quot;#&quot;&gt;&lt;/a&gt;'),
(54, 'footer-phone', 'Телефон в подвале', 1, '38(067) 501 79 78\r\n				&lt;div class=&quot;footer-phone-info&quot;&gt;\r\n					(c 9:00 до 20:00)\r\n				&lt;/div&gt;'),
(55, 'header-contact', 'Контакты в шапке', 1, '&lt;div class=&quot;header-contacts-box-item&quot;&gt;\r\n					&lt;div class=&quot;header-contacts-box-item-phone&quot;&gt;\r\n						&lt;img src=&quot;/templates/images/mts.png&quot; alt=&quot;&quot;/&gt; &lt;span&gt;(050)&lt;/span&gt; 141-80-09\r\n					&lt;/div&gt;\r\n					&lt;div class=&quot;header-contacts-box-item-phone&quot;&gt;\r\n						&lt;img src=&quot;/templates/images/star.png&quot; alt=&quot;&quot;/&gt; &lt;span&gt;(067)&lt;/span&gt; 501-79-78\r\n					&lt;/div&gt;\r\n				&lt;/div&gt;\r\n				&lt;div class=&quot;header-contacts-box-item&quot;&gt;\r\n					&lt;div class=&quot;header-contacts-box-item-skype&quot;&gt;\r\n						&lt;a href=&quot;#&quot;&gt;fashionofice&lt;/a&gt;\r\n					&lt;/div&gt;\r\n				&lt;/div&gt;\r\n				&lt;div class=&quot;header-contacts-box-item last&quot;&gt;\r\n					&lt;div class=&quot;header-contacts-box-item-mail&quot;&gt;\r\n						&lt;a href=&quot;#&quot;&gt;style_city@mail.ru&lt;/a&gt;\r\n					&lt;/div&gt;\r\n				&lt;/div&gt;');

-- --------------------------------------------------------

--
-- Структура таблиці `content_goods`
--

CREATE TABLE IF NOT EXISTS `content_goods` (
  `id` int(10) NOT NULL AUTO_INCREMENT,
  `content_id` int(10) NOT NULL,
  `goods_id` int(10) NOT NULL,
  PRIMARY KEY (`id`)
) ENGINE=MyISAM DEFAULT CHARSET=utf8 AUTO_INCREMENT=1 ;

-- --------------------------------------------------------

--
-- Структура таблиці `currency`
--

CREATE TABLE IF NOT EXISTS `currency` (
  `id` bigint(20) NOT NULL AUTO_INCREMENT,
  `name` varchar(100) NOT NULL DEFAULT '',
  `shortname` varchar(15) NOT NULL DEFAULT '',
  `course` decimal(10,2) NOT NULL DEFAULT '0.00',
  PRIMARY KEY (`id`)
) ENGINE=MyISAM  DEFAULT CHARSET=utf8 AUTO_INCREMENT=8 ;

--
-- Дамп даних таблиці `currency`
--

INSERT INTO `currency` (`id`, `name`, `shortname`, `course`) VALUES
(1, 'Гривна', 'грн.', 1.00),
(3, 'USD', '$', 8.00),
(7, 'EURO', 'EUR', 10.00);

-- --------------------------------------------------------

--
-- Структура таблиці `currency_course`
--

CREATE TABLE IF NOT EXISTS `currency_course` (
  `id` bigint(20) NOT NULL AUTO_INCREMENT,
  `from_currency` bigint(20) NOT NULL,
  `to_currency` bigint(20) NOT NULL,
  `course` decimal(10,5) NOT NULL,
  PRIMARY KEY (`id`)
) ENGINE=MyISAM  DEFAULT CHARSET=utf8 AUTO_INCREMENT=10 ;

--
-- Дамп даних таблиці `currency_course`
--

INSERT INTO `currency_course` (`id`, `from_currency`, `to_currency`, `course`) VALUES
(1, 1, 1, 1.00000),
(2, 1, 3, 0.12500),
(3, 1, 7, 0.10000),
(4, 3, 1, 8.00000),
(5, 3, 3, 1.00000),
(6, 3, 7, 0.80000),
(7, 7, 1, 10.00000),
(8, 7, 3, 1.25000),
(9, 7, 7, 1.00000);

-- --------------------------------------------------------

--
-- Структура таблиці `delivery`
--

CREATE TABLE IF NOT EXISTS `delivery` (
  `id` bigint(20) NOT NULL AUTO_INCREMENT,
  `name` varchar(200) NOT NULL,
  `price` decimal(10,2) NOT NULL,
  `maxsum` int(11) NOT NULL DEFAULT '0',
  PRIMARY KEY (`id`)
) ENGINE=MyISAM  DEFAULT CHARSET=utf8 AUTO_INCREMENT=5 ;

--
-- Дамп даних таблиці `delivery`
--

INSERT INTO `delivery` (`id`, `name`, `price`, `maxsum`) VALUES
(1, 'Курьером по Киеву', 10.00, 500000),
(2, 'В регионы Украины &quot;Укрпочта&quot;', 20.00, 50000),
(3, 'В регионы Украины &quot;Новая Почта&quot;', 30.00, 50000),
(4, 'Самовывоз', 40.00, 50000);

-- --------------------------------------------------------

--
-- Структура таблиці `discounts`
--

CREATE TABLE IF NOT EXISTS `discounts` (
  `id` bigint(20) NOT NULL AUTO_INCREMENT,
  `summa` int(11) NOT NULL DEFAULT '0',
  `percent` decimal(10,2) NOT NULL DEFAULT '0.00',
  PRIMARY KEY (`id`)
) ENGINE=MyISAM  DEFAULT CHARSET=utf8 AUTO_INCREMENT=2 ;

-- --------------------------------------------------------

--
-- Структура таблиці `discount_group`
--

CREATE TABLE IF NOT EXISTS `discount_group` (
  `id` bigint(20) NOT NULL AUTO_INCREMENT,
  `name` varchar(200) NOT NULL,
  `discount` decimal(10,2) NOT NULL,
  PRIMARY KEY (`id`)
) ENGINE=MyISAM DEFAULT CHARSET=utf8 AUTO_INCREMENT=1 ;

-- --------------------------------------------------------

--
-- Структура таблиці `districts`
--

CREATE TABLE IF NOT EXISTS `districts` (
  `id` bigint(20) NOT NULL AUTO_INCREMENT,
  `name` varchar(200) NOT NULL,
  PRIMARY KEY (`id`)
) ENGINE=MyISAM DEFAULT CHARSET=utf8 AUTO_INCREMENT=1 ;

-- --------------------------------------------------------

--
-- Структура таблиці `emailsdb`
--

CREATE TABLE IF NOT EXISTS `emailsdb` (
  `id` bigint(20) NOT NULL AUTO_INCREMENT,
  `email` varchar(200) DEFAULT NULL,
  PRIMARY KEY (`id`)
) ENGINE=MyISAM  DEFAULT CHARSET=utf8 AUTO_INCREMENT=25 ;

--
-- Дамп даних таблиці `emailsdb`
--

INSERT INTO `emailsdb` (`id`, `email`) VALUES
(5, 'evgeniy.pevtsov@gmail.com'),
(6, 'davidov_da@inbox.ru'),
(7, 'virtaras@gmail.com'),
(8, 'virtaras@ppa.kiev.ua'),
(9, 'evgeniy.pevtsov@yandex.ua'),
(10, 'werwer@dfdg.er'),
(11, 'virtaras33@gmail.com'),
(12, 'virtaras2@gmail.com'),
(13, 'asdas@asda.net'),
(14, 'virtaras1234@gmail.com'),
(15, 'virtaras234@gmail.com'),
(16, 'wrdrdrd@ukr.net'),
(17, 'droopy2006@rambler.ru'),
(18, 'teaas@ta.aa'),
(19, 'mekhed.r@gmail.com'),
(20, 'virtaras777@gmail.com'),
(21, 'virtaras123@gmail.com'),
(22, 'sss@aaa.com'),
(23, 'mlpyru@pkbbun.com'),
(24, 'virtaras00@gmail.com');

-- --------------------------------------------------------

--
-- Структура таблиці `exist_type`
--

CREATE TABLE IF NOT EXISTS `exist_type` (
  `id` bigint(20) NOT NULL AUTO_INCREMENT,
  `name` varchar(100) NOT NULL DEFAULT '',
  PRIMARY KEY (`id`)
) ENGINE=MyISAM  DEFAULT CHARSET=utf8 AUTO_INCREMENT=7 ;

--
-- Дамп даних таблиці `exist_type`
--

INSERT INTO `exist_type` (`id`, `name`) VALUES
(1, 'Есть на складе'),
(2, 'Нет в наличии'),
(4, 'Под заказ'),
(5, 'Заказано у поставщика'),
(6, 'Скрыть');

-- --------------------------------------------------------

--
-- Структура таблиці `feedback`
--

CREATE TABLE IF NOT EXISTS `feedback` (
  `id` int(10) NOT NULL AUTO_INCREMENT,
  `c_name` varchar(200) NOT NULL,
  `c_tovar_code` varchar(200) NOT NULL,
  `c_email` varchar(200) NOT NULL,
  `c_message` text NOT NULL,
  PRIMARY KEY (`id`)
) ENGINE=MyISAM  DEFAULT CHARSET=utf8 AUTO_INCREMENT=3 ;

--
-- Дамп даних таблиці `feedback`
--

INSERT INTO `feedback` (`id`, `c_name`, `c_tovar_code`, `c_email`, `c_message`) VALUES
(1, 'Taras', '2345234', 'virtaras@gmail.com', 'Text'),
(2, 'Taras', '2345234', 'virtaras@gmail.com', 'Text');

-- --------------------------------------------------------

--
-- Структура таблиці `fields`
--

CREATE TABLE IF NOT EXISTS `fields` (
  `id` bigint(20) NOT NULL AUTO_INCREMENT,
  `source` int(11) NOT NULL DEFAULT '0' COMMENT '0 - goods',
  `field_type` int(11) NOT NULL DEFAULT '0' COMMENT ' ',
  `name` varchar(100) NOT NULL DEFAULT '',
  `title` varchar(200) NOT NULL,
  `table_name` varchar(100) NOT NULL DEFAULT '',
  `rname` varchar(20) NOT NULL DEFAULT '',
  `search` int(11) NOT NULL DEFAULT '0',
  `groupid` bigint(20) NOT NULL DEFAULT '0',
  `isinterval` int(11) NOT NULL DEFAULT '0',
  `showtype` int(11) NOT NULL DEFAULT '0' COMMENT '1 - checkbox, 2 - select',
  `isgeneral` int(11) NOT NULL DEFAULT '0',
  `issorting` int(11) NOT NULL,
  `body` text NOT NULL,
  PRIMARY KEY (`id`)
) ENGINE=MyISAM  DEFAULT CHARSET=utf8 COMMENT='User fields' AUTO_INCREMENT=675 ;

--
-- Дамп даних таблиці `fields`
--

INSERT INTO `fields` (`id`, `source`, `field_type`, `name`, `title`, `table_name`, `rname`, `search`, `groupid`, `isinterval`, `showtype`, `isgeneral`, `issorting`, `body`) VALUES
(672, 0, 2, 'Цвет', 'Цвет', 'r1193', 'r1193', 1, -1, 0, 0, 1, 0, ''),
(673, 0, 2, 'Размер', 'Размер', 'r1194', 'r1194', 1, -1, 0, 0, 1, 0, ''),
(674, 0, 2, 'Сезон', 'Сезон', 'r1195', 'r1195', 1, -1, 0, 0, 1, 0, '');

-- --------------------------------------------------------

--
-- Структура таблиці `fields_group`
--

CREATE TABLE IF NOT EXISTS `fields_group` (
  `id` bigint(20) NOT NULL AUTO_INCREMENT,
  `name` varchar(200) NOT NULL DEFAULT '',
  `divider` varchar(5) NOT NULL DEFAULT '',
  PRIMARY KEY (`id`)
) ENGINE=MyISAM  DEFAULT CHARSET=utf8 AUTO_INCREMENT=8 ;

-- --------------------------------------------------------

--
-- Структура таблиці `fieldtype`
--

CREATE TABLE IF NOT EXISTS `fieldtype` (
  `id` bigint(20) NOT NULL AUTO_INCREMENT,
  `name` varchar(50) NOT NULL DEFAULT '',
  PRIMARY KEY (`id`)
) ENGINE=MyISAM  DEFAULT CHARSET=utf8 AUTO_INCREMENT=6 ;

--
-- Дамп даних таблиці `fieldtype`
--

INSERT INTO `fieldtype` (`id`, `name`) VALUES
(1, 'Текст'),
(2, 'Список'),
(3, 'Число'),
(4, 'Флажок'),
(5, 'Множественный список');

-- --------------------------------------------------------

--
-- Структура таблиці `goods`
--

CREATE TABLE IF NOT EXISTS `goods` (
  `id` bigint(20) NOT NULL AUTO_INCREMENT,
  `code` varchar(50) DEFAULT NULL,
  `title` varchar(250) DEFAULT NULL,
  `meta_description` varchar(250) DEFAULT NULL,
  `keywords` varchar(250) DEFAULT NULL,
  `parentid` bigint(20) NOT NULL DEFAULT '0',
  `name` varchar(250) DEFAULT NULL,
  `urlname` varchar(200) DEFAULT NULL,
  `brand` bigint(20) NOT NULL DEFAULT '0',
  `description` text,
  `full_description` text,
  `price` decimal(10,2) NOT NULL DEFAULT '0.00',
  `price_action` decimal(15,2) NOT NULL DEFAULT '0.00',
  `exist_type` bigint(20) NOT NULL DEFAULT '0',
  `currency` bigint(20) NOT NULL DEFAULT '0',
  `goodsid` bigint(20) NOT NULL DEFAULT '0',
  `extid` varchar(30) DEFAULT NULL,
  `is_export` int(11) NOT NULL DEFAULT '0',
  `add_description` text NOT NULL,
  `r1178` bigint(20) DEFAULT '0',
  `r1179` bigint(20) DEFAULT '0',
  `r1193` bigint(20) DEFAULT '0',
  `r1194` bigint(20) DEFAULT '0',
  `r1195` bigint(20) DEFAULT '0',
  `r1196` bigint(20) DEFAULT '0',
  `r1197` bigint(20) DEFAULT '0',
  `goods_type` int(3) NOT NULL,
  `quantity` int(10) NOT NULL,
  `r1199` bigint(20) DEFAULT '0',
  PRIMARY KEY (`id`),
  KEY `parentid` (`parentid`),
  KEY `brand` (`brand`),
  KEY `goodsid` (`goodsid`),
  FULLTEXT KEY `name` (`name`,`description`,`full_description`)
) ENGINE=MyISAM  DEFAULT CHARSET=utf8 AUTO_INCREMENT=77800 ;

--
-- Дамп даних таблиці `goods`
--

INSERT INTO `goods` (`id`, `code`, `title`, `meta_description`, `keywords`, `parentid`, `name`, `urlname`, `brand`, `description`, `full_description`, `price`, `price_action`, `exist_type`, `currency`, `goodsid`, `extid`, `is_export`, `add_description`, `r1178`, `r1179`, `r1193`, `r1194`, `r1195`, `r1196`, `r1197`, `goods_type`, `quantity`, `r1199`) VALUES
(147, '2000000000053', '', '', '', 13, 'Платье Alexander Wang (36-102)', 'plate_alexander_wang__36-102_', 14, 'Платье Alexander Wang (36-102)', '', 1000.00, 800.00, 2, 1, 0, NULL, 0, '0', 0, 0, 8, 7, 3, 0, 0, 0, 0, 0),
(148, '2000000000060', '', '', '', 13, 'Платье BCBG (S-102)', 'plate_bcbg__s-102_', 18, 'Платье BCBG (S-102)', '', 1000.00, 800.00, 2, 1, 0, NULL, 0, '0', 0, 0, 9, 2, 3, 0, 0, 0, 0, 0),
(149, '2000000000077', '', '', '', 13, 'Платье BCBG (M-102)', 'plate_bcbg__m-102_', 18, 'Платье BCBG (M-102)', '', 1000.00, 800.00, 2, 1, 0, NULL, 0, '0', 0, 0, 9, 3, 3, 0, 0, 0, 0, 0),
(150, '2000000000084', '', '', '', 13, 'Платье BCBG (S-103)', 'plate_bcbg__s-103_', 18, 'Платье BCBG (S-103)', '', 1000.00, 800.00, 2, 1, 0, NULL, 0, '0', 0, 0, 10, 2, 3, 0, 0, 0, 0, 0),
(151, '2000000000091', '', '', '', 13, 'Платье Just Cavalli (XL-103)', 'plate_just_cavalli__xl-103_', 24, 'Платье Just Cavalli (XL-103)', '', 1000.00, 800.00, 2, 1, 0, NULL, 0, '0', 0, 0, 11, 5, 3, 0, 0, 0, 0, 0),
(152, '2000000000107', '', '', '', 13, 'Платье BCBG (L-124)', 'plate_bcbg__l-124_', 18, 'Платье BCBG (L-124)', '', 1000.00, 800.00, 2, 1, 0, NULL, 0, '0', 0, 0, 2, 4, 3, 0, 0, 0, 0, 0),
(153, '2000000000114', '', '', '', 13, 'Платье BCBG (S-102)-45%', 'plate_bcbg__s-102_-45_', 18, 'Платье BCBG (S-102)-45%', '', 1000.00, 800.00, 2, 1, 0, NULL, 0, '0', 0, 0, 11, 2, 3, 0, 0, 0, 0, 0),
(154, '2000000000121', '', '', '', 13, 'Платье BCBG (S-102) -45%', 'plate_bcbg__s-102__-45_', 18, 'Платье BCBG (S-102) -45%', '', 1000.00, 800.00, 2, 1, 0, NULL, 0, '0', 0, 0, 11, 4, 3, 0, 0, 0, 0, 0),
(130, '2000000000039', '', '', '', 13, 'Платье Blumarine (М-102)', 'plate_blumarine__m-102_', 9, 'Платье Blumarine (М-102)', '', 1000.00, 800.00, 2, 1, 0, NULL, 0, '0', 0, 0, 1, 3, 3, 0, 0, 0, 0, 0),
(123, '2000000000022', '', '', '', 13, 'Платье Blumarine (М-102)', 'plate_blumarine__m-102_', 9, 'Платье Blumarine (М-102)', '', 1000.00, 800.00, 2, 1, 0, NULL, 0, '0', 0, 0, 7, 3, 3, 0, 0, 0, 0, 0),
(23, 'fgh567', '', '', '', 12, 'Куртка Balmain', 'kurtka-eny-place', 8, 'mbkm', '', 2800.00, 0.00, 1, 1, 0, '', 1, '', 0, 0, 2, 3, 1, 0, 0, 0, 0, 0),
(24, 'fff001', '', '', '', 4, 'Футболка ECO', 'futbolka-eco', 5, 'khfgj', '', 350.00, 300.00, 1, 1, 0, '', 1, '', 0, 0, -1, 1, 1, 0, 0, 0, 0, 0),
(25, 'ппп456', '', '', '', 20, 'Платок', 'platok', 9, '', '', 240.00, 0.00, 1, 1, 0, '', 1, '', 0, 0, -1, -1, 2, 0, 0, 0, 0, 0),
(26, '', '', '', '', 21, 'Сумка Rebecca Minkoff', 'sumka-rebecca-minkoff', 11, '', '', 2750.00, 0.00, 1, 1, 0, '', 1, '', 0, 0, 2, -1, -1, 0, 0, 0, 0, 0),
(27, '', '', '', '', 22, 'Ремень Burberry', 'remen-balmain', 12, '', '', 650.00, 0.00, 1, 1, 0, '', 1, '', 0, 0, 2, -1, -1, 0, 0, 0, 0, 0),
(28, 'ююю002', '', '', '', 14, 'Юбка eNY place', 'yubka', 6, '', '', 580.00, 0.00, 1, 1, 0, '', 1, '', 0, 0, -1, -1, -1, 0, 0, 0, 0, 0),
(32, '', '', '', '', 30, 'Костюм Dior', 'kostyum-dior', 22, '', '', 1200.00, 990.00, 1, 1, 0, '', 1, '', 0, 0, -1, -1, -1, 0, 0, 0, 0, 0),
(33, '', '', '', '', 33, 'Пиджак Balmain', 'pidzhak-balmain', 8, '', '', 1160.00, 1060.00, 1, 1, 0, '', 1, '', 0, 0, 1, 1, 1, 0, 0, 0, 0, 0),
(34, '', '', '', '', 29, 'Комбинезон Azzaro', 'kombinezon-azzaro', -1, '', '', 1180.00, 1020.00, 1, 1, 0, '', 1, '', 0, 0, -1, -1, -1, 0, 0, 0, 0, 0),
(77777, 'qwer', 'qwer', 'qwer', 'qwer', 444, 'qwer', 'qwer', 444, 'qwer', 'qwer', 444.00, 0.00, 2, 1, 444, NULL, 1, 'qwer', 1, 2, 3, 4, 5, 6, 7, 1, 0, 0),
(77778, '', '', '', '', 13, 'Платье Chloe', 'plate-chloe', 13, '', '', 3800.00, 0.00, 1, 1, 0, '', 1, '', 0, 0, 3, 1, 1, 0, 0, 0, 0, 0),
(77779, '', NULL, NULL, NULL, 13, 'Платье Chloe', 'plate-chloe', 13, NULL, NULL, 3800.00, 0.00, -1, 1, 77778, '', 0, '', 0, 0, 2, 1, 1, 0, 0, 0, 0, 0),
(77780, '', NULL, NULL, NULL, 13, 'Платье Blumarine', 'plate-blumarine', 9, NULL, NULL, 1680.00, 0.00, -1, 1, 29, '', 0, '', 0, 0, 1, 3, 1, 0, 0, 0, 0, 0),
(77781, '', '', '', '', 13, 'Платье Alexander Wang', 'plate-alexander-wang', 14, '', '', 2000.00, 0.00, 1, 1, 0, '', 1, '', 0, 0, -1, -1, -1, 0, 1, 0, 0, 0),
(77782, '', '', '', '', 13, 'Платье aNY', 'plate-any', 6, '', '', 3000.00, 0.00, -1, 1, 0, '', 1, '', 0, 0, -1, -1, -1, 0, 0, 0, 0, 0),
(77783, '', '', '', '', 13, 'Платье DVF', 'plate-dvf', 19, '', '', 1500.00, 0.00, 1, 1, 0, '', 1, '', 0, 0, -1, -1, -1, 0, 0, 0, 0, 0),
(77784, '', NULL, NULL, NULL, 13, 'Платье Blumarine', 'plate-blumarine', 9, NULL, NULL, 1580.00, 0.00, -1, 1, 29, '', 0, '', 0, 0, 2, 1, 1, 0, 0, 0, 0, 0),
(77785, '', NULL, NULL, NULL, 13, 'Платье Blumarine', 'plate-blumarine', 9, NULL, NULL, 1580.00, 0.00, -1, 1, 29, '', 0, '', 0, 0, 1, 2, -1, 0, 0, 0, 0, 0),
(77786, '', NULL, NULL, NULL, 13, 'Платье Blumarine', 'plate-blumarine', 9, NULL, NULL, 1580.00, 0.00, -1, 1, 29, '', 0, '', 0, 0, 3, 3, 1, 0, 0, 0, 0, 0),
(77787, '', NULL, NULL, NULL, 13, 'Платье Blumarine', 'plate-blumarine', 9, NULL, NULL, 1580.00, 0.00, -1, 1, 29, '', 0, '', 0, 0, 4, 1, -1, 0, 0, 0, 0, 0),
(77788, '', NULL, NULL, NULL, 13, 'Платье Blumarine', 'plate-blumarine', 9, NULL, NULL, 1580.00, 0.00, -1, 1, 29, '', 0, '', 0, 0, 5, 3, -1, 0, 0, 0, 0, 0),
(77789, '', NULL, NULL, NULL, 13, 'Платье Alexander Wang', 'plate-alexander-wang', 14, NULL, NULL, 2000.00, 0.00, -1, 1, 77781, '', 0, '', 0, 0, 1, 1, -1, 0, 0, 0, 0, 0),
(77790, '', NULL, NULL, NULL, 13, 'Платье Alexander Wang', 'plate-alexander-wang', 14, NULL, NULL, 2000.00, 0.00, -1, 1, 77781, '', 0, '', 0, 0, 1, 3, -1, 0, 0, 0, 0, 0),
(77791, '', NULL, NULL, NULL, 13, 'Платье aNY', 'plate-any', 6, NULL, NULL, 3000.00, 0.00, -1, 1, 77782, '', 0, '', 0, 0, 3, 4, -1, 0, 0, 0, 0, 0),
(77792, '', NULL, NULL, NULL, 13, 'Платье aNY', 'plate-any', 6, NULL, NULL, 3000.00, 0.00, -1, 1, 77782, '', 0, '', 0, 0, 3, 4, -1, 0, 0, 0, 0, 0),
(77793, '', NULL, NULL, NULL, 13, 'Платье DVF', 'plate-dvf', 19, NULL, NULL, 1500.00, 0.00, -1, 1, 77783, '', 0, '', 0, 0, 5, 2, -1, 0, 0, 0, 0, 0),
(77794, '', NULL, NULL, NULL, 14, 'Юбка eNY place', 'yubka-eny-place', 6, NULL, NULL, 580.00, 0.00, 1, 1, 28, '', 0, '', 0, 0, 1, 1, 1, 0, 0, 0, 0, 0),
(77795, '', NULL, NULL, NULL, 14, 'Юбка eNY place', 'yubka-eny-place', 6, NULL, NULL, 580.00, 0.00, 1, 1, 28, '', 0, '', 0, 0, 2, 2, 1, 0, 0, 0, 0, 0),
(131, '2000000000046', '', '', '', 13, 'Платье Eco (М-211)', 'plate_eco__m-211_', 5, 'Платье Eco (М-211)', '', 1000.00, 800.00, 2, 1, 0, NULL, 0, '0', 0, 0, 6, 3, 3, 0, 0, 0, 0, 0),
(29, '', '', '', '', 13, 'Платье Blumarine', 'plate-blumarine', 9, 'Pop punk (also known as pop-punk and punk-pop) is a fusion music genre that combines elements of punk rock with pop music, to varying degrees.', '', 1580.00, 0.00, 1, 1, 0, '123', 1, '', 0, 0, 2, 3, 2, 1, 0, 0, 0, 0),
(21, 'цуе222', '', '', '', 16, 'Джинсы ', 'dzhinsy', 10, 'длропрлро', '', 680.00, 480.00, 1, 1, 0, '', 1, '', 0, 0, 1, 3, -1, 0, 0, 0, 0, 0),
(30, '', '', '', '', 15, 'Блуза eNy place', 'bluza-bcbg', 6, '', '', 680.00, 580.00, 1, 1, 0, '', 1, '', 0, 0, 1, 1, -1, 0, 0, 0, 0, 1),
(31, '', '', '', '', 31, 'Кофта BCBG', 'kofta-bcbg', 18, '', '', 780.00, 660.00, 1, 1, 0, '', 1, '', 0, 0, 2, 3, 2, 0, 0, 0, 0, 0),
(155, '2000000000138', '', '', '', 13, 'Платье Blumarine (40-105) -45%', 'plate_blumarine__40-105__-45_', 9, 'Платье Blumarine (40-105) -45%', '', 1000.00, 800.00, 2, 1, 0, NULL, 0, '0', 0, 0, 2, 8, 3, 0, 0, 0, 0, 0),
(156, '2000000000145', '', '', '', 13, 'Платье Chloe (L-104)', 'plate_chloe__l-104_', 19, 'Платье Chloe (L-104)', '', 1000.00, 800.00, 2, 1, 0, NULL, 0, '0', 0, 0, 5, 4, 3, 0, 0, 0, 0, 0),
(157, '2000000000152', '', '', '', 13, 'Платье Bebe (S-102)', 'plate_bebe__s-102_', 25, 'Платье Bebe (S-102)', '', 1000.00, 800.00, 2, 1, 0, NULL, 0, '0', 0, 0, 1, 2, 3, 0, 0, 0, 0, 0),
(158, '2000000000169', '', '', '', 13, 'Платье Karen Millen (38-102)', 'plate_karen_millen__38-102_', 26, 'Платье Karen Millen (38-102)', '', 1000.00, 800.00, 2, 1, 0, NULL, 0, '0', 0, 0, 1, 9, 3, 0, 0, 0, 0, 0),
(159, '2000000000176', '', '', '', 13, 'Платье Karen Millen (40-102)', 'plate_karen_millen__40-102_', 26, 'Платье Karen Millen (40-102)', '', 1000.00, 800.00, 2, 1, 0, NULL, 0, '0', 0, 0, 1, 8, 3, 0, 0, 0, 0, 0),
(77796, '', '', '', '', 0, 'sertificat2', 'sertificat2', -1, '', '', 500.00, 0.00, -1, 1, 0, '', 1, '', 0, 0, -1, -1, -1, 0, 0, 0, 0, 0),
(77797, '', '', '', '', 0, 'sertificat3', 'sertificat3', -1, '', '', 1000.00, 0.00, -1, 1, 0, '', 1, '', 0, 0, -1, -1, -1, 0, 0, 0, 0, 0),
(77798, '', '', '', '', 0, 'sertificat1', 'sertificat1', -1, '', '', 300.00, 0.00, -1, 1, 0, '', 1, '', 0, 0, -1, -1, -1, 0, 0, 0, 0, 0),
(77799, '', '', '', '', 0, 'sertificat4', 'sertificat4', -1, '', '', 2000.00, 0.00, -1, 1, 0, '', 1, '', 0, 0, -1, -1, -1, 0, 0, 0, 0, 0);

-- --------------------------------------------------------

--
-- Структура таблиці `goods_groups`
--

CREATE TABLE IF NOT EXISTS `goods_groups` (
  `id` bigint(20) NOT NULL AUTO_INCREMENT,
  `name` varchar(200) NOT NULL DEFAULT '',
  `code` varchar(20) NOT NULL DEFAULT '',
  PRIMARY KEY (`id`)
) ENGINE=MyISAM  DEFAULT CHARSET=utf8 AUTO_INCREMENT=4 ;

--
-- Дамп даних таблиці `goods_groups`
--

INSERT INTO `goods_groups` (`id`, `name`, `code`) VALUES
(1, 'Хит', 'r1196'),
(2, 'Новинка', 'r1197'),
(3, 'Популярный', 'r1199');

-- --------------------------------------------------------

--
-- Структура таблиці `goods_types`
--

CREATE TABLE IF NOT EXISTS `goods_types` (
  `id` int(3) NOT NULL AUTO_INCREMENT,
  `name` varchar(500) NOT NULL,
  `urlname` varchar(500) NOT NULL,
  PRIMARY KEY (`id`)
) ENGINE=MyISAM DEFAULT CHARSET=utf8 AUTO_INCREMENT=1 ;

-- --------------------------------------------------------

--
-- Структура таблиці `images`
--

CREATE TABLE IF NOT EXISTS `images` (
  `id` bigint(20) NOT NULL AUTO_INCREMENT,
  `parentid` bigint(20) NOT NULL DEFAULT '0',
  `is_main` int(11) NOT NULL DEFAULT '0',
  `image` varchar(250) NOT NULL DEFAULT '',
  `title` varchar(200) NOT NULL DEFAULT '',
  `source` int(11) NOT NULL DEFAULT '0',
  `showorder` int(11) NOT NULL DEFAULT '1000',
  `width` int(11) NOT NULL DEFAULT '0',
  `height` int(11) NOT NULL DEFAULT '0',
  `format` varchar(50) NOT NULL DEFAULT '',
  `link` varchar(300) NOT NULL,
  PRIMARY KEY (`id`),
  KEY `parentid` (`parentid`)
) ENGINE=MyISAM  DEFAULT CHARSET=utf8 AUTO_INCREMENT=525 ;

--
-- Дамп даних таблиці `images`
--

INSERT INTO `images` (`id`, `parentid`, `is_main`, `image`, `title`, `source`, `showorder`, `width`, `height`, `format`, `link`) VALUES
(420, 21, 1, '3_21_26072013123433_1.jpeg', '', 3, 1, 800, 1200, 'jpeg', ''),
(421, 21, 0, '3_21_26072013123437_1.jpeg', '', 3, 2, 800, 1200, 'jpeg', ''),
(422, 23, 1, '3_23_26072013123738_1.jpeg', '', 3, 1, 800, 1200, 'jpeg', ''),
(399, 1, 1, '7_1_08072013161014_1.png', '', 7, 1, 940, 270, 'png', ''),
(400, 19, 1, '3_19_24072013213617_1.jpeg', '', 3, 1, 800, 1200, 'jpeg', ''),
(401, 19, 0, '3_19_24072013213625_1.jpeg', '', 3, 2, 800, 1200, 'jpeg', ''),
(402, 19, 0, '3_19_24072013213636_1.jpeg', '', 3, 3, 800, 1200, 'jpeg', ''),
(403, 19, 0, '3_19_24072013213644_1.jpeg', '', 3, 4, 800, 1200, 'jpeg', ''),
(404, 17, 1, '2_17_24072013220832_1.jpeg', '', 2, 2, 800, 1200, 'jpeg', ''),
(405, 17, 0, '2_17_24072013220841_1.jpeg', '', 2, 1, 800, 1200, 'jpeg', ''),
(406, 18, 1, '2_18_24072013222840_1.jpeg', '', 2, 1, 800, 1200, 'jpeg', ''),
(407, 18, 0, '2_18_24072013222905_1.jpeg', '', 2, 2, 800, 1200, 'jpeg', ''),
(433, 29, 0, '3_29_26072013130204_1.jpeg', '', 3, 2, 800, 1200, 'jpeg', ''),
(432, 29, 1, '3_29_26072013130200_1.jpeg', '', 3, 1, 800, 1200, 'jpeg', ''),
(408, 18, 0, '2_18_24072013222905_2.jpeg', '', 2, 3, 800, 1200, 'jpeg', ''),
(392, 63, 1, '1_63_04072013221516_1.png', '', 1, 1, 940, 350, 'png', ''),
(393, 63, 0, '1_63_04072013221531_1.png', '', 1, 2, 940, 350, 'png', ''),
(411, 24, 1, '2_24_26072013120841_1.jpeg', '', 2, 1, 800, 1200, 'jpeg', ''),
(412, 24, 0, '2_24_26072013120848_1.jpeg', '', 2, 2, 800, 1200, 'jpeg', ''),
(413, 24, 0, '2_24_26072013120854_1.jpeg', '', 2, 3, 800, 1200, 'jpeg', ''),
(414, 25, 1, '2_25_26072013121113_1.jpeg', '', 2, 1, 800, 1200, 'jpeg', ''),
(415, 25, 0, '2_25_26072013121121_1.jpeg', '', 2, 2, 800, 1200, 'jpeg', ''),
(416, 25, 0, '2_25_26072013121139_1.jpeg', '', 2, 3, 800, 1200, 'jpeg', ''),
(435, 30, 0, '3_30_26072013130332_1.jpeg', '', 3, 2, 800, 1200, 'jpeg', ''),
(434, 30, 1, '3_30_26072013130323_1.jpeg', '', 3, 1, 800, 1200, 'jpeg', ''),
(423, 23, 0, '3_23_26072013123743_1.jpeg', '', 3, 2, 800, 1200, 'jpeg', ''),
(424, 23, 0, '3_23_26072013123748_1.jpeg', '', 3, 3, 800, 1200, 'jpeg', ''),
(425, 24, 1, '3_24_26072013124529_1.jpeg', '', 3, 1, 800, 1200, 'jpeg', ''),
(426, 24, 0, '3_24_26072013124538_1.jpeg', '', 3, 2, 800, 1200, 'jpeg', ''),
(427, 24, 0, '3_24_26072013124549_1.jpeg', '', 3, 3, 800, 1200, 'jpeg', ''),
(428, 25, 1, '3_25_26072013124712_1.jpeg', '', 3, 1, 800, 1200, 'jpeg', ''),
(429, 26, 1, '3_26_26072013124826_1.jpeg', '', 3, 1, 800, 1200, 'jpeg', ''),
(430, 27, 1, '3_27_26072013125009_1.jpeg', '', 3, 1, 800, 1200, 'jpeg', ''),
(431, 28, 1, '3_28_26072013125505_1.jpeg', '', 3, 1, 800, 1200, 'jpeg', ''),
(436, 30, 0, '3_30_26072013130340_1.jpeg', '', 3, 3, 800, 1200, 'jpeg', ''),
(437, 31, 1, '3_31_26072013160136_1.jpeg', '', 3, 1, 800, 1200, 'jpeg', ''),
(438, 31, 0, '3_31_26072013160142_1.jpeg', '', 3, 2, 800, 1200, 'jpeg', ''),
(439, 31, 0, '3_31_26072013160147_1.jpeg', '', 3, 3, 800, 1200, 'jpeg', ''),
(440, 32, 1, '3_32_26072013160338_1.jpeg', '', 3, 1, 800, 1200, 'jpeg', ''),
(441, 32, 0, '3_32_26072013160343_1.jpeg', '', 3, 2, 800, 1200, 'jpeg', ''),
(442, 32, 0, '3_32_26072013160346_1.jpeg', '', 3, 3, 800, 1200, 'jpeg', ''),
(443, 33, 1, '3_33_26072013160602_1.jpeg', '', 3, 1, 800, 1200, 'jpeg', ''),
(444, 34, 1, '3_34_26072013160922_1.jpeg', '', 3, 1, 800, 1200, 'jpeg', ''),
(445, 34, 0, '3_34_26072013160926_1.jpeg', '', 3, 2, 800, 1200, 'jpeg', ''),
(446, 37, 1, '2_37_30072013211102_1.jpeg', '', 2, 1, 1500, 2250, 'jpeg', ''),
(447, 77778, 1, '3_77778_02082013113203_1.jpeg', '', 3, 1, 800, 1200, 'jpeg', ''),
(448, 77778, 0, '3_77778_02082013113209_1.jpeg', '', 3, 2, 800, 1200, 'jpeg', ''),
(449, 77781, 1, '3_77781_02082013171243_1.jpeg', '', 3, 1, 800, 1200, 'jpeg', ''),
(450, 77781, 0, '3_77781_02082013171305_1.jpeg', '', 3, 2, 800, 1200, 'jpeg', ''),
(451, 77781, 0, '3_77781_02082013171415_1.jpeg', '', 3, 3, 800, 1200, 'jpeg', ''),
(452, 77782, 1, '3_77782_02082013171536_1.jpeg', '', 3, 1, 800, 1200, 'jpeg', ''),
(453, 77782, 0, '3_77782_02082013171540_1.jpeg', '', 3, 2, 800, 1200, 'jpeg', ''),
(454, 77782, 0, '3_77782_02082013171544_1.jpeg', '', 3, 3, 800, 1200, 'jpeg', ''),
(455, 77782, 0, '3_77782_02082013171547_1.jpeg', '', 3, 4, 800, 1200, 'jpeg', ''),
(456, 77783, 1, '3_77783_02082013172045_1.jpeg', '', 3, 1, 800, 1200, 'jpeg', ''),
(457, 77783, 0, '3_77783_02082013172047_1.jpeg', '', 3, 2, 800, 1200, 'jpeg', ''),
(458, 77783, 0, '3_77783_02082013172049_1.jpeg', '', 3, 3, 800, 1200, 'jpeg', ''),
(459, 77780, 1, '3_77780_05082013105851_1.jpeg', '', 3, 1, 800, 1200, 'jpeg', ''),
(460, 77780, 0, '3_77780_05082013105859_1.jpeg', '', 3, 2, 800, 1200, 'jpeg', ''),
(461, 77780, 0, '3_77780_05082013105906_1.jpeg', '', 3, 3, 800, 1200, 'jpeg', ''),
(462, 77784, 1, '3_77784_05082013105920_1.jpeg', '', 3, 1, 800, 1200, 'jpeg', ''),
(463, 77784, 0, '3_77784_05082013105925_1.jpeg', '', 3, 2, 800, 1200, 'jpeg', ''),
(464, 77784, 0, '3_77784_05082013105932_1.jpeg', '', 3, 3, 800, 1200, 'jpeg', ''),
(465, 77785, 1, '3_77785_06082013154353_1.jpeg', '', 3, 1, 800, 1200, 'jpeg', ''),
(466, 77785, 0, '3_77785_06082013154358_1.jpeg', '', 3, 2, 800, 1200, 'jpeg', ''),
(467, 77785, 0, '3_77785_06082013154404_1.jpeg', '', 3, 3, 800, 1200, 'jpeg', ''),
(468, 77786, 1, '3_77786_06082013155007_1.jpeg', '', 3, 1, 800, 1200, 'jpeg', ''),
(469, 77786, 0, '3_77786_06082013155012_1.jpeg', '', 3, 2, 800, 1200, 'jpeg', ''),
(470, 77787, 1, '3_77787_06082013155359_1.jpeg', '', 3, 1, 800, 1200, 'jpeg', ''),
(471, 77787, 0, '3_77787_06082013155407_1.jpeg', '', 3, 2, 800, 1200, 'jpeg', ''),
(472, 77787, 0, '3_77787_06082013155413_1.jpeg', '', 3, 3, 800, 1200, 'jpeg', ''),
(473, 77788, 1, '3_77788_06082013155445_1.jpeg', '', 3, 1, 800, 1200, 'jpeg', ''),
(474, 77788, 0, '3_77788_06082013155450_1.jpeg', '', 3, 2, 800, 1200, 'jpeg', ''),
(475, 77788, 0, '3_77788_06082013155458_1.jpeg', '', 3, 3, 800, 1200, 'jpeg', ''),
(476, 77789, 1, '3_77789_06082013155649_1.jpeg', '', 3, 1, 800, 1200, 'jpeg', ''),
(477, 77789, 0, '3_77789_06082013155654_1.jpeg', '', 3, 2, 800, 1200, 'jpeg', ''),
(478, 77790, 1, '3_77790_06082013155712_1.jpeg', '', 3, 1, 800, 1200, 'jpeg', ''),
(479, 77790, 0, '3_77790_06082013155717_1.jpeg', '', 3, 2, 800, 1200, 'jpeg', ''),
(480, 77791, 1, '3_77791_06082013155737_1.jpeg', '', 3, 1, 800, 1200, 'jpeg', ''),
(481, 77791, 0, '3_77791_06082013155741_1.jpeg', '', 3, 2, 800, 1200, 'jpeg', ''),
(482, 77792, 1, '3_77792_06082013155757_1.jpeg', '', 3, 1, 800, 1200, 'jpeg', ''),
(483, 77792, 0, '3_77792_06082013155801_1.jpeg', '', 3, 2, 800, 1200, 'jpeg', ''),
(484, 77793, 1, '3_77793_06082013155836_1.jpeg', '', 3, 1, 800, 1200, 'jpeg', ''),
(485, 77793, 0, '3_77793_06082013155840_1.jpeg', '', 3, 2, 800, 1200, 'jpeg', ''),
(488, 131, 1, '00000000031_1.png', '', 3, 1, 800, 1200, 'png', ''),
(489, 123, 1, '00000000023_1.png', '', 3, 1, 800, 1200, 'png', ''),
(490, 130, 1, '00000000030_1.png', '', 3, 1, 800, 1200, 'png', ''),
(491, 147, 1, '00000000047_1.png', '', 3, 1, 800, 1200, 'png', ''),
(492, 148, 1, '00000000048_1.png', '', 3, 1, 800, 1200, 'png', ''),
(493, 149, 1, '00000000049_1.png', '', 3, 1, 800, 1200, 'png', ''),
(494, 150, 1, '00000000050_1.png', '', 3, 1, 800, 1200, 'png', ''),
(495, 151, 1, '00000000051_1.png', '', 3, 1, 800, 1200, 'png', ''),
(496, 152, 1, '00000000052_1.png', '', 3, 1, 800, 1200, 'png', ''),
(497, 153, 1, '00000000053_1.png', '', 3, 1, 800, 1200, 'png', ''),
(498, 154, 1, '00000000054_1.png', '', 3, 1, 800, 1200, 'png', ''),
(499, 155, 1, '00000000055_1.png', '', 3, 1, 800, 1200, 'png', ''),
(500, 156, 1, '00000000056_1.png', '', 3, 1, 800, 1200, 'png', ''),
(501, 157, 1, '00000000057_1.png', '', 3, 1, 800, 1200, 'png', ''),
(502, 158, 1, '00000000058_1.png', '', 3, 1, 800, 1200, 'png', ''),
(503, 159, 1, '00000000059_1.png', '', 3, 1, 800, 1200, 'png', ''),
(515, 76, 1, '1_76_04092013130232_1.jpeg', '', 1, 2, 300, 480, 'jpeg', ''),
(505, 74, 1, '1_74_02092013181303_1.jpeg', '', 1, 1, 1400, 1000, 'jpeg', ''),
(509, 73, 0, '1_73_02092013182855_1.png', '', 1, 2, 940, 437, 'png', ''),
(507, 70, 0, '1_70_02092013181622_1.png', '', 1, 2, 940, 438, 'png', ''),
(508, 70, 0, '1_70_02092013181649_1.png', '', 1, 3, 940, 437, 'png', ''),
(510, 73, 0, '1_73_02092013182912_1.png', '', 1, 3, 940, 350, 'png', ''),
(516, 77, 1, '1_77_04092013130310_1.jpeg', '', 1, 1, 300, 480, 'jpeg', ''),
(513, 73, 1, '1_73_04092013123644_1.jpeg', '', 1, 3, 300, 480, 'jpeg', ''),
(517, 78, 1, '1_78_04092013130344_1.jpeg', '', 1, 1, 300, 480, 'jpeg', ''),
(518, 77796, 1, '3_77796_05092013142047_1.jpeg', '', 3, 1, 210, 128, 'jpeg', ''),
(520, 77797, 1, '3_77797_10092013155923_1.jpeg', '', 3, 1, 210, 128, 'jpeg', ''),
(522, 77798, 1, '3_77798_10092013160019_1.jpeg', '', 3, 1, 210, 128, 'jpeg', ''),
(524, 77799, 1, '3_77799_10092013160058_1.jpeg', '', 3, 1, 210, 128, 'jpeg', '');

-- --------------------------------------------------------

--
-- Структура таблиці `menu`
--

CREATE TABLE IF NOT EXISTS `menu` (
  `id` bigint(20) NOT NULL AUTO_INCREMENT,
  `name` varchar(200) NOT NULL DEFAULT '',
  PRIMARY KEY (`id`)
) ENGINE=MyISAM  DEFAULT CHARSET=utf8 AUTO_INCREMENT=5 ;

--
-- Дамп даних таблиці `menu`
--

INSERT INTO `menu` (`id`, `name`) VALUES
(1, 'Администратор');

-- --------------------------------------------------------

--
-- Структура таблиці `menuitem`
--

CREATE TABLE IF NOT EXISTS `menuitem` (
  `id` bigint(20) NOT NULL AUTO_INCREMENT,
  `menuid` bigint(20) NOT NULL DEFAULT '0',
  `parentid` bigint(20) NOT NULL DEFAULT '-1',
  `title` varchar(200) NOT NULL DEFAULT '',
  `link` varchar(250) NOT NULL DEFAULT '',
  `childsql` text NOT NULL,
  `showorder` int(11) NOT NULL DEFAULT '0',
  `linktemplate` varchar(250) NOT NULL DEFAULT '',
  PRIMARY KEY (`id`)
) ENGINE=MyISAM  DEFAULT CHARSET=utf8 AUTO_INCREMENT=192 ;

--
-- Дамп даних таблиці `menuitem`
--

INSERT INTO `menuitem` (`id`, `menuid`, `parentid`, `title`, `link`, `childsql`, `showorder`, `linktemplate`) VALUES
(1, 1, -1, 'Администрирование', '#', '', 25, ''),
(2, 1, 1, 'Пользователи', 'index.php?t=users', '', 1, ''),
(3, 1, 1, 'Интерфейсы', 'index.php?t=menu', '', 2, ''),
(16, 1, 1, 'Модули', 'index.php?t=modules', '', 3, ''),
(17, 1, -1, 'Формы', '#', '', 20, ''),
(18, 1, 17, 'Создать / редактировать', 'index.php?t=requestgroup', '', 1, ''),
(19, 1, 17, 'Виды форм', '', 'SELECT * FROM requestgroup', 2, '<a href=''index.php?t=requests&parent=[id]''>[name]</a>'),
(22, 1, 1, 'Настройки', 'index.php?t=settings', '', 4, ''),
(28, 1, -1, 'Области контента', 'index.php?t=contentarea', '', 21, ''),
(29, 1, -1, 'Контент', 'index.php?t=content&sort=showorder+ASC', '', 13, ''),
(42, 1, -1, 'Интернет магазин', '#', '', 8, ''),
(43, 1, 42, 'Группы товаров', 'index.php?t=catalog&sort=showorder+ASC', '', 1, ''),
(44, 1, 42, 'Дополнительные поля', '#', '', 3, ''),
(45, 1, 44, 'Создание / Редактирование', 'index.php?t=fields', '', 1, ''),
(46, 1, 44, 'Группы полей', 'index.php?t=fields_group', '', 2, ''),
(47, 1, 42, 'Товары', 'index.php?t=goods&sort=goods.name+ASC', '', 2, ''),
(189, 1, 96, 'База E-Mail', 'index.php?t=emailsdb', '', 1, ''),
(50, 1, 42, 'Валюты', 'index.php?t=currency', '', 4, ''),
(51, 1, 42, 'Бренды', 'index.php?t=brands&sort=name', '', 5, ''),
(52, 1, 42, 'Классификатор товаров', 'index.php?t=goods_groups', '', 6, ''),
(53, 1, -1, 'Заказы', 'index.php?t=orders&sort=create_date+DESC', '', 9, ''),
(54, 1, 53, 'Клиенты', 'index.php?t=clients', '', 1, ''),
(55, 1, 42, 'Признак наличия', 'index.php?t=exist_type', '', 7, ''),
(68, 1, 42, 'Формы оплаты', 'index.php?t=paymenttype', '', 9, ''),
(57, 1, 42, 'Типы доставки', 'index.php?t=delivery', '', 8, ''),
(60, 1, -1, 'Настройка меню', 'index.php?t=menutype', '', 22, ''),
(63, 1, -1, 'Комментарии', 'index.php?t=comments&sort=create_date+DESC', '', 24, ''),
(69, 1, 42, 'Скидки на сумму в корзине', 'index.php?t=discounts', '', 10, ''),
(70, 1, -1, 'Импорт', 'index.php?t=load', '', 28, ''),
(71, 1, 1, 'Поля заказа', 'index.php?t=order_fields', '', 5, ''),
(73, 1, 1, 'Поля регистрации', 'index.php?t=clients_fields', '', 6, ''),
(74, 1, 42, 'Группы скидок', 'index.php?t=discount_group', '', 11, ''),
(75, 1, -1, 'Опросы', 'index.php?t=questions', '', 30, ''),
(76, 1, 53, 'Статусы заказа', 'index.php?t=orders_status', '', 2, ''),
(187, 4, 158, 'Статусы заказа', 'index.php?t=orders_status', '', 2, ''),
(186, 4, 158, 'Клиенты', 'index.php?t=clients', '', 1, ''),
(185, 4, 174, 'Группы полей', 'index.php?t=fields_group', '', 2, ''),
(184, 4, 174, 'Создание / Редактирование', 'index.php?t=fields', '', 1, ''),
(183, 4, 156, 'Группы скидок', 'index.php?t=discount_group', '', 11, ''),
(182, 4, 156, 'Накопительные скидки', 'index.php?t=discounts', '', 10, ''),
(181, 4, 156, 'Типы доставки', 'index.php?t=delivery', '', 8, ''),
(180, 4, 156, 'Формы оплаты', 'index.php?t=paymenttype', '', 9, ''),
(179, 4, 156, 'Признак наличия', 'index.php?t=exist_type', '', 7, ''),
(96, 1, -1, 'E-Mail', 'index.php?t=emails', '', 10, ''),
(178, 4, 156, 'Категории товаров', 'index.php?t=goods_groups', '', 6, ''),
(176, 4, 156, 'Валюты', 'index.php?t=currency', '', 4, ''),
(177, 4, 156, 'Бренды', 'index.php?t=brands', '', 5, ''),
(174, 4, 156, 'Дополнительные поля', '#', '', 3, ''),
(175, 4, 156, 'Товары', 'index.php?t=goods', '', 2, ''),
(173, 4, 155, 'Группы товаров', 'index.php?t=catalog&sort=showorder+ASC', '', 1, ''),
(172, 4, 155, 'Типы новостей', 'index.php?t=newstype', '', 1, ''),
(171, 4, 152, 'Виды форм', '', 'SELECT * FROM requestgroup', 2, '<a href=''index.php?t=requests&parent=[id]''>[name]</a>'),
(170, 4, 152, 'Создать / редактировать', 'index.php?t=requestgroup', '', 1, ''),
(169, 4, 150, 'Поля регистрации', 'index.php?t=clients_fields', '', 6, ''),
(168, 4, 150, 'Поля заказа', 'index.php?t=order_fields', '', 5, ''),
(167, 4, 150, 'Настройки', 'index.php?t=settings', '', 4, ''),
(166, 4, 150, 'Модули', 'index.php?t=modules', '', 3, ''),
(165, 4, 150, 'Интерфейсы', 'index.php?t=menu', '', 2, ''),
(164, 4, 150, 'Пользователи', 'index.php?t=users', '', 1, ''),
(163, 4, -1, 'Опросы', 'index.php?t=questions', '', 30, ''),
(162, 4, -1, 'Вопросы', 'index.php?t=reviews', '', 29, ''),
(161, 4, -1, 'Импорт', 'index.php?t=load', '', 28, ''),
(160, 4, -1, 'Комментарии', 'index.php?t=comments', '', 24, ''),
(159, 4, -1, 'Настройка меню', 'index.php?t=mainmenu', '', 22, ''),
(158, 4, -1, 'Заказы', 'index.php?t=orders&sort=create_date+DESC', '', 9, ''),
(157, 4, -1, 'E-Mail', 'index.php?t=emails', '', 10, ''),
(156, 4, -1, 'Интернет магазин', '#', '', 8, ''),
(155, 4, -1, 'Новости', 'index.php?t=news', '', 18, ''),
(154, 4, -1, 'Контент', 'index.php?t=content&sort=showorder+ASC', '', 16, ''),
(153, 4, -1, 'Области контента', 'index.php?t=contentarea', '', 21, ''),
(152, 4, -1, 'Формы', '#', '', 20, ''),
(151, 4, -1, 'Страницы', 'index.php?t=pages', '', 11, ''),
(150, 4, -1, 'Администрирование', '#', '', 25, ''),
(188, 4, 157, 'База e-mail адресов', 'index.php?t=emailsdb', '', 1, ''),
(190, 1, 42, 'Доп. поля', 'index.php?t=fields', '', 12, ''),
(191, 1, 60, 'Типы меню', 'index.php?t=menutype', '', 1, '');

-- --------------------------------------------------------

--
-- Структура таблиці `menulinks`
--

CREATE TABLE IF NOT EXISTS `menulinks` (
  `id` bigint(20) NOT NULL AUTO_INCREMENT,
  `parentid` int(11) NOT NULL DEFAULT '0',
  `title` varchar(200) DEFAULT NULL,
  `link` varchar(200) DEFAULT NULL,
  `invisible` int(11) NOT NULL DEFAULT '0',
  `showorder` int(11) NOT NULL DEFAULT '0',
  `nofollow` int(11) NOT NULL DEFAULT '0',
  PRIMARY KEY (`id`)
) ENGINE=MyISAM  DEFAULT CHARSET=utf8 AUTO_INCREMENT=55 ;

--
-- Дамп даних таблиці `menulinks`
--

INSERT INTO `menulinks` (`id`, `parentid`, `title`, `link`, `invisible`, `showorder`, `nofollow`) VALUES
(45, 1, 'Подарочные карты', '/podarochnye-karty/', 0, 10, 0),
(46, 1, 'Доставка', '/dostavka/', 0, 20, 0),
(47, 1, 'Оплата', '/oplata/', 0, 30, 0),
(48, 1, 'Гарантии', '/garantii/', 0, 40, 0),
(49, 1, 'Контакты', '/kontakty/', 0, 50, 0),
(50, 4, 'Доставка', '/dostavka/', 0, 10, 0),
(51, 4, 'Оплата', '/oplata/', 0, 20, 0),
(52, 4, 'Гарантии', '/garantii/', 0, 30, 0),
(53, 4, 'Контакты', '/kontakty/', 0, 40, 0);

-- --------------------------------------------------------

--
-- Структура таблиці `menutype`
--

CREATE TABLE IF NOT EXISTS `menutype` (
  `id` int(11) NOT NULL AUTO_INCREMENT,
  `strongname` varchar(100) NOT NULL,
  `name` varchar(200) NOT NULL,
  PRIMARY KEY (`id`)
) ENGINE=MyISAM  DEFAULT CHARSET=utf8 AUTO_INCREMENT=5 ;

--
-- Дамп даних таблиці `menutype`
--

INSERT INTO `menutype` (`id`, `strongname`, `name`) VALUES
(1, 'topmenu1', 'Верхнее меню'),
(3, 'topmenu2', 'Главное меню'),
(4, 'footermenu', 'Нижнее меню');

-- --------------------------------------------------------

--
-- Структура таблиці `metadata`
--

CREATE TABLE IF NOT EXISTS `metadata` (
  `id` bigint(20) NOT NULL AUTO_INCREMENT,
  `tablename` varchar(200) NOT NULL DEFAULT '',
  `title` varchar(200) NOT NULL DEFAULT '',
  `description` text NOT NULL,
  PRIMARY KEY (`id`)
) ENGINE=MyISAM DEFAULT CHARSET=utf8 AUTO_INCREMENT=1 ;

-- --------------------------------------------------------

--
-- Структура таблиці `modules`
--

CREATE TABLE IF NOT EXISTS `modules` (
  `id` bigint(20) NOT NULL AUTO_INCREMENT,
  `name` varchar(200) NOT NULL DEFAULT '',
  `path` text NOT NULL,
  PRIMARY KEY (`id`),
  UNIQUE KEY `id` (`id`)
) ENGINE=MyISAM  DEFAULT CHARSET=utf8 AUTO_INCREMENT=14 ;

--
-- Дамп даних таблиці `modules`
--

INSERT INTO `modules` (`id`, `name`, `path`) VALUES
(1, 'Главная страница', 'templates/default.html'),
(7, 'Новинки', 'templates/new.php'),
(6, 'Бренды', 'templates/brands.php'),
(8, 'Блог. Внутренняя', 'templates/blog/inside.php'),
(9, 'Кабинет. Избранное', 'templates/account/izbrannoe.php'),
(10, 'Контакты', 'templates/contacts.php'),
(11, 'Блог', 'templates/blog/main.php'),
(12, 'Подарочные  карты', 'templates/podarochnie-karty.php'),
(13, 'Текстовая страница', 'templates/text-page.php');

-- --------------------------------------------------------

--
-- Структура таблиці `orders`
--

CREATE TABLE IF NOT EXISTS `orders` (
  `id` bigint(20) NOT NULL AUTO_INCREMENT,
  `create_date` datetime NOT NULL DEFAULT '0000-00-00 00:00:00',
  `userid` bigint(20) NOT NULL DEFAULT '0',
  `ip` varchar(50) NOT NULL DEFAULT '',
  `status` bigint(20) NOT NULL,
  `email` varchar(250) NOT NULL DEFAULT '',
  `info` text NOT NULL,
  `discount` decimal(10,2) NOT NULL DEFAULT '0.00',
  `paymenttype` bigint(20) NOT NULL DEFAULT '0',
  `deliverytype` bigint(20) NOT NULL,
  `deliverysumm` decimal(10,2) NOT NULL,
  `r221` varchar(500) DEFAULT NULL,
  `r222` varchar(500) DEFAULT NULL,
  `r1198` varchar(500) DEFAULT NULL,
  PRIMARY KEY (`id`)
) ENGINE=MyISAM  DEFAULT CHARSET=utf8 AUTO_INCREMENT=52 ;

--
-- Дамп даних таблиці `orders`
--

INSERT INTO `orders` (`id`, `create_date`, `userid`, `ip`, `status`, `email`, `info`, `discount`, `paymenttype`, `deliverytype`, `deliverysumm`, `r221`, `r222`, `r1198`) VALUES
(40, '2013-08-22 17:14:46', 11, '95.67.77.219', 1, 'virtaras33@gmail.com', 'rrr comment', 0.00, 1, 3, 30.00, 'Taras', '093', 'додому'),
(41, '2013-08-22 18:39:32', 13, '95.67.77.219', 1, 'asdas@asda.net', 'вфывыфв', 0.00, 1, 1, 10.00, 'asfasda', 'йу', 'йцывфыв'),
(42, '2013-08-23 17:56:10', 8, '95.67.77.219', 1, 'virtaras@gmail.com', '', 0.00, 2, 2, 20.00, 'r129 text', 'r130 text', ''),
(43, '2013-08-24 11:29:46', 8, '95.158.53.146', 1, 'virtaras@gmail.com', '', 0.00, 2, 3, 30.00, 'r129 text', 'r130 text', ''),
(44, '2013-08-28 19:06:29', 15, '95.67.77.219', 1, 'virtaras234@gmail.com', '', 0.00, 1, 4, 40.00, '5433', '', ''),
(45, '2013-08-30 13:01:24', 17, '95.67.77.219', 1, 'droopy2006@rambler.ru', 'asdasdasdad', 0.00, 2, 2, 20.00, 'ROma', '000990', ''),
(46, '2013-09-12 17:50:08', 8, '95.67.77.219', 1, 'virtaras@gmail.com', '', 0.00, 2, 4, 40.00, 'Taras', '(099)999-99-99', ''),
(47, '2013-09-12 17:52:38', 8, '95.67.77.219', 1, 'virtaras@gmail.com', '', 0.00, 2, 1, 10.00, 'Taras Virniy', '(099)999-99-99', ''),
(48, '2013-09-12 18:38:55', 20, '95.67.77.219', 1, 'virtaras777@gmail.com', 'rfasdf', 0.00, 1, 1, 10.00, 'Taras Virniy', '352325532', '777'),
(49, '2013-09-12 19:00:48', 8, '95.67.77.219', 1, 'virtaras@gmail.com', 'rfasdf', 0.00, 2, 1, 10.00, 'Taras Virniy', '352325532', '777'),
(50, '2013-09-13 11:25:11', 21, '95.67.77.219', 1, 'virtaras123@gmail.com', 'Comment', 0.00, 1, 2, 20.00, 'Taras', '(096)33-24-383', 'Address'),
(51, '2013-09-15 00:20:46', 22, '178.151.234.85', 1, 'sss@aaa.com', '', 0.00, 1, 4, 40.00, '2', '2', '123123');

-- --------------------------------------------------------

--
-- Структура таблиці `ordersrow`
--

CREATE TABLE IF NOT EXISTS `ordersrow` (
  `id` bigint(20) NOT NULL AUTO_INCREMENT,
  `parentid` bigint(20) NOT NULL DEFAULT '0',
  `goodsid` bigint(20) NOT NULL DEFAULT '0',
  `variantid` bigint(20) NOT NULL DEFAULT '0',
  `quantity` int(11) NOT NULL DEFAULT '0',
  `goodsname` varchar(250) NOT NULL DEFAULT '',
  `vname` varchar(250) NOT NULL DEFAULT '',
  `price` decimal(10,2) NOT NULL DEFAULT '0.00',
  PRIMARY KEY (`id`)
) ENGINE=MyISAM  DEFAULT CHARSET=utf8 AUTO_INCREMENT=51 ;

--
-- Дамп даних таблиці `ordersrow`
--

INSERT INTO `ordersrow` (`id`, `parentid`, `goodsid`, `variantid`, `quantity`, `goodsname`, `vname`, `price`) VALUES
(30, 40, 28, 0, 1, 'aNY place Юбка eNY place', '', 580.00),
(31, 40, 30, 0, 1, 'aNY place Блуза eNy place', '', 580.00),
(32, 41, 24, 0, 1, 'ECO Футболка ECO', '', 300.00),
(33, 42, 28, 0, 2, 'aNY place Юбка eNY place', '', 580.00),
(34, 42, 149, 0, 1, 'BCBG Платье BCBG (M-102)', '', 800.00),
(35, 42, 77782, 0, 1, 'aNY place Платье aNY', '', 3000.00),
(36, 42, 77783, 0, 1, 'Chloe Платье DVF', '', 1500.00),
(37, 42, 77794, 0, 3, 'Юбка eNY place', 'Юбка eNY place', 580.00),
(38, 43, 148, 0, 1, 'BCBG Платье BCBG (S-102)', '', 800.00),
(39, 43, 154, 0, 1, 'BCBG Платье BCBG (S-102) -45%', '', 800.00),
(40, 43, 77795, 0, 2, 'Юбка eNY place', 'Юбка eNY place', 580.00),
(41, 44, 29, 0, 2, 'Blumarine Платье Blumarine', '', 1580.00),
(42, 44, 77784, 0, 1, 'Платье Blumarine', 'Платье Blumarine', 1580.00),
(43, 45, 77782, 0, 1, 'aNY place Платье aNY', '', 3000.00),
(44, 46, 24, 0, 1, 'ECO Футболка ECO', '', 300.00),
(45, 47, 77781, 0, 2, 'Alexander Wang Платье Alexander Wang', '', 2000.00),
(46, 48, 29, 0, 1, 'Blumarine Платье Blumarine', '', 1580.00),
(47, 48, 77780, 0, 1, 'Платье Blumarine', 'Платье Blumarine', 1680.00),
(48, 49, 77782, 0, 1, 'aNY place Платье aNY', '', 3000.00),
(49, 50, 77780, 0, 1, 'Платье Blumarine', 'Платье Blumarine', 1680.00),
(50, 51, 24, 0, 1, 'ECO Футболка ECO', '', 300.00);

-- --------------------------------------------------------

--
-- Структура таблиці `orders_comments`
--

CREATE TABLE IF NOT EXISTS `orders_comments` (
  `id` int(11) NOT NULL AUTO_INCREMENT,
  `send_date` datetime NOT NULL,
  `orderid` int(11) NOT NULL,
  `userid` int(11) NOT NULL,
  `comment` text NOT NULL,
  PRIMARY KEY (`id`)
) ENGINE=MyISAM  DEFAULT CHARSET=utf8 AUTO_INCREMENT=5 ;

--
-- Дамп даних таблиці `orders_comments`
--

INSERT INTO `orders_comments` (`id`, `send_date`, `orderid`, `userid`, `comment`) VALUES
(1, '2013-09-04 12:37:40', 43, 8, 'adsf'),
(2, '2013-09-06 11:36:59', 42, 8, 'Coment'),
(3, '2013-09-06 13:08:48', 42, 8, 'rrr'),
(4, '2013-09-06 17:53:27', 43, 8, 'Alternatively to what the others are correctly suggesting, I find it easier usually to toggle CSS classes, instead of individual CSS settings (especially background image URLs). For example:');

-- --------------------------------------------------------

--
-- Структура таблиці `orders_status`
--

CREATE TABLE IF NOT EXISTS `orders_status` (
  `id` bigint(20) NOT NULL AUTO_INCREMENT,
  `name` varchar(200) NOT NULL,
  PRIMARY KEY (`id`)
) ENGINE=MyISAM  DEFAULT CHARSET=utf8 AUTO_INCREMENT=4 ;

--
-- Дамп даних таблиці `orders_status`
--

INSERT INTO `orders_status` (`id`, `name`) VALUES
(1, 'Заказ обрабатывается'),
(2, 'Отправлен на доставку'),
(3, 'Неокончен');

-- --------------------------------------------------------

--
-- Структура таблиці `order_fields`
--

CREATE TABLE IF NOT EXISTS `order_fields` (
  `id` bigint(20) NOT NULL AUTO_INCREMENT,
  `title` varchar(200) NOT NULL,
  `code` varchar(200) NOT NULL,
  `fieldtype` bigint(20) DEFAULT NULL,
  `items` varchar(1000) NOT NULL,
  `isrequired` int(11) NOT NULL DEFAULT '0',
  `showorder` int(11) NOT NULL DEFAULT '0',
  PRIMARY KEY (`id`)
) ENGINE=MyISAM  DEFAULT CHARSET=utf8 AUTO_INCREMENT=5 ;

--
-- Дамп даних таблиці `order_fields`
--

INSERT INTO `order_fields` (`id`, `title`, `code`, `fieldtype`, `items`, `isrequired`, `showorder`) VALUES
(1, 'Имя:', 'r221', 1, '', 1, 10),
(2, 'Телефон:', 'r222', 1, '', 0, 20),
(4, 'Адрес доставки', 'r1198', 4, '', 0, 30);

-- --------------------------------------------------------

--
-- Структура таблиці `paymenttype`
--

CREATE TABLE IF NOT EXISTS `paymenttype` (
  `id` bigint(20) NOT NULL AUTO_INCREMENT,
  `name` varchar(250) NOT NULL DEFAULT '',
  `isdefault` int(11) NOT NULL DEFAULT '0',
  `is_online_payment` int(11) NOT NULL DEFAULT '0',
  PRIMARY KEY (`id`)
) ENGINE=MyISAM  DEFAULT CHARSET=utf8 AUTO_INCREMENT=3 ;

--
-- Дамп даних таблиці `paymenttype`
--

INSERT INTO `paymenttype` (`id`, `name`, `isdefault`, `is_online_payment`) VALUES
(1, 'Наличный расчет', 1, 0),
(2, 'Безналичный расчет', 0, 0);

-- --------------------------------------------------------

--
-- Структура таблиці `qitem`
--

CREATE TABLE IF NOT EXISTS `qitem` (
  `id` bigint(20) NOT NULL AUTO_INCREMENT,
  `parentid` bigint(20) NOT NULL DEFAULT '0',
  `title` varchar(250) NOT NULL DEFAULT '',
  `click` int(11) NOT NULL DEFAULT '0',
  PRIMARY KEY (`id`)
) ENGINE=MyISAM  DEFAULT CHARSET=utf8 AUTO_INCREMENT=17 ;

--
-- Дамп даних таблиці `qitem`
--

INSERT INTO `qitem` (`id`, `parentid`, `title`, `click`) VALUES
(1, 1, 'Рекомендация родственников, друзей, знакомых', 0),
(2, 1, 'Поисковик Google', 0),
(3, 1, 'Поисковик Yandex', 0),
(4, 1, 'Реклама в Internet', 0),
(5, 2, 'Джаз', 0),
(6, 2, 'Рок', 1),
(7, 2, 'Поп', 0),
(8, 2, 'Блюз', 0),
(9, 2, 'Кантри', 0),
(10, 2, 'Шансон, романс', 0),
(11, 2, 'Электронная музыка', 0),
(12, 2, 'Регги', 0),
(13, 2, 'Рэп', 0),
(14, 2, 'Хип-хоп', 0),
(15, 2, 'Классическая музыка', 0),
(16, 2, 'Другой', 0);

-- --------------------------------------------------------

--
-- Структура таблиці `questions`
--

CREATE TABLE IF NOT EXISTS `questions` (
  `id` bigint(20) NOT NULL AUTO_INCREMENT,
  `name` text NOT NULL,
  `start_date` date NOT NULL DEFAULT '0000-00-00',
  `finish_date` date NOT NULL DEFAULT '0000-00-00',
  `invisible` int(11) NOT NULL DEFAULT '0',
  PRIMARY KEY (`id`)
) ENGINE=MyISAM  DEFAULT CHARSET=utf8 AUTO_INCREMENT=3 ;

-- --------------------------------------------------------

--
-- Структура таблиці `r1193`
--

CREATE TABLE IF NOT EXISTS `r1193` (
  `id` bigint(20) NOT NULL AUTO_INCREMENT,
  `name` varchar(300) NOT NULL,
  `showorder` int(11) NOT NULL DEFAULT '0',
  `code` varchar(20) NOT NULL,
  `color_code` varchar(10) NOT NULL,
  PRIMARY KEY (`id`)
) ENGINE=MyISAM  DEFAULT CHARSET=utf8 AUTO_INCREMENT=12 ;

--
-- Дамп даних таблиці `r1193`
--

INSERT INTO `r1193` (`id`, `name`, `showorder`, `code`, `color_code`) VALUES
(1, 'Синий', 0, 'blue', '0'),
(2, 'Черный', 0, 'black', '0'),
(3, 'Коричневый', 0, 'brown', '0'),
(4, 'Красный', 0, 'red', '0'),
(5, 'Зеленый', 0, 'green', '0'),
(6, 'Бирюза', 0, 'byryuza', '0'),
(7, 'Белый', 0, 'belыy', '0'),
(8, 'Темно-синий', 0, 'temno-synyy', '0'),
(9, 'Чайная роза', 0, 'chaynaya_roza', '0'),
(10, 'Разноцветное', 0, 'raznotsvetnoe', '0'),
(11, 'Оранжевый', 0, 'oranzhevыy', '0');

-- --------------------------------------------------------

--
-- Структура таблиці `r1194`
--

CREATE TABLE IF NOT EXISTS `r1194` (
  `id` bigint(20) NOT NULL AUTO_INCREMENT,
  `name` varchar(300) NOT NULL,
  `showorder` int(11) NOT NULL DEFAULT '0',
  `goods_type` int(3) NOT NULL,
  PRIMARY KEY (`id`)
) ENGINE=MyISAM  DEFAULT CHARSET=utf8 AUTO_INCREMENT=10 ;

--
-- Дамп даних таблиці `r1194`
--

INSERT INTO `r1194` (`id`, `name`, `showorder`, `goods_type`) VALUES
(1, 'XS', 40, 0),
(2, 'S', 41, 0),
(3, 'M', 42, 0),
(4, 'L', 43, 0),
(5, 'XL', 0, 0),
(6, 'XXL', 0, 0),
(7, '36', 0, 0),
(8, '40', 0, 0),
(9, '38', 0, 0);

-- --------------------------------------------------------

--
-- Структура таблиці `r1195`
--

CREATE TABLE IF NOT EXISTS `r1195` (
  `id` bigint(20) NOT NULL AUTO_INCREMENT,
  `name` varchar(300) NOT NULL,
  `showorder` int(11) NOT NULL DEFAULT '0',
  `goods_type` int(3) NOT NULL,
  PRIMARY KEY (`id`)
) ENGINE=MyISAM  DEFAULT CHARSET=utf8 AUTO_INCREMENT=4 ;

--
-- Дамп даних таблиці `r1195`
--

INSERT INTO `r1195` (`id`, `name`, `showorder`, `goods_type`) VALUES
(1, 'Весна - лето', 10, 0),
(2, 'Осень - зима', 20, 0),
(3, 'Весна-Лето', 0, 0);

-- --------------------------------------------------------

--
-- Структура таблиці `ratings`
--

CREATE TABLE IF NOT EXISTS `ratings` (
  `id` int(11) NOT NULL AUTO_INCREMENT,
  `goodsid` int(11) NOT NULL,
  `rating` decimal(10,2) NOT NULL,
  `create_date` datetime NOT NULL,
  `ip` varchar(200) NOT NULL,
  `commentid` int(11) NOT NULL DEFAULT '0',
  PRIMARY KEY (`id`)
) ENGINE=MyISAM  DEFAULT CHARSET=utf8 AUTO_INCREMENT=2 ;

--
-- Дамп даних таблиці `ratings`
--

INSERT INTO `ratings` (`id`, `goodsid`, `rating`, `create_date`, `ip`, `commentid`) VALUES
(1, 84375, 2.00, '2013-01-24 13:53:58', '', 25);

-- --------------------------------------------------------

--
-- Структура таблиці `request`
--

CREATE TABLE IF NOT EXISTS `request` (
  `id` bigint(20) NOT NULL AUTO_INCREMENT,
  `parentid` bigint(20) NOT NULL DEFAULT '0',
  `title` varchar(250) NOT NULL DEFAULT '',
  `description` varchar(255) NOT NULL DEFAULT '',
  `fieldtype` int(11) NOT NULL DEFAULT '0',
  `items` text NOT NULL,
  `isrequired` int(11) NOT NULL DEFAULT '0',
  `showorder` int(11) NOT NULL DEFAULT '0',
  `modules` varchar(200) NOT NULL DEFAULT '',
  PRIMARY KEY (`id`)
) ENGINE=MyISAM  DEFAULT CHARSET=utf8 AUTO_INCREMENT=8 ;

--
-- Дамп даних таблиці `request`
--

INSERT INTO `request` (`id`, `parentid`, `title`, `description`, `fieldtype`, `items`, `isrequired`, `showorder`, `modules`) VALUES
(5, 2, 'Телефон', '', 1, '', 0, 20, ''),
(4, 2, 'Ваше Имя', '', 1, '', 1, 10, ''),
(6, 2, 'E-Mail', '', 5, '', 0, 30, ''),
(7, 2, 'Сообщение', '', 4, '', 1, 50, '');

-- --------------------------------------------------------

--
-- Структура таблиці `requestfieldtype`
--

CREATE TABLE IF NOT EXISTS `requestfieldtype` (
  `id` bigint(20) NOT NULL AUTO_INCREMENT,
  `name` varchar(50) NOT NULL DEFAULT '',
  PRIMARY KEY (`id`)
) ENGINE=MyISAM  DEFAULT CHARSET=utf8 AUTO_INCREMENT=8 ;

--
-- Дамп даних таблиці `requestfieldtype`
--

INSERT INTO `requestfieldtype` (`id`, `name`) VALUES
(1, 'Текст'),
(2, 'Список'),
(3, 'Число'),
(4, 'Длинный текст'),
(5, 'E-Mail'),
(6, 'Файл'),
(7, 'Программное');

-- --------------------------------------------------------

--
-- Структура таблиці `requestgroup`
--

CREATE TABLE IF NOT EXISTS `requestgroup` (
  `id` bigint(20) NOT NULL AUTO_INCREMENT,
  `name` varchar(250) NOT NULL DEFAULT '',
  `email` varchar(200) NOT NULL DEFAULT '',
  `buttontext` varchar(200) NOT NULL DEFAULT '',
  PRIMARY KEY (`id`)
) ENGINE=MyISAM  DEFAULT CHARSET=utf8 AUTO_INCREMENT=3 ;

--
-- Дамп даних таблиці `requestgroup`
--

INSERT INTO `requestgroup` (`id`, `name`, `email`, `buttontext`) VALUES
(2, 'Форма обратной связи', '', 'Отправить');

-- --------------------------------------------------------

--
-- Структура таблиці `requestitem`
--

CREATE TABLE IF NOT EXISTS `requestitem` (
  `id` bigint(20) NOT NULL AUTO_INCREMENT,
  `parentid` bigint(20) NOT NULL DEFAULT '0',
  `fieldid` bigint(20) NOT NULL DEFAULT '0',
  `val` text NOT NULL,
  PRIMARY KEY (`id`)
) ENGINE=MyISAM  DEFAULT CHARSET=utf8 AUTO_INCREMENT=4 ;

--
-- Дамп даних таблиці `requestitem`
--

INSERT INTO `requestitem` (`id`, `parentid`, `fieldid`, `val`) VALUES
(1, 1, 1, 'OKI МС360'),
(2, 1, 2, 'evsoft@ukr.net'),
(3, 1, 3, 'LALALALAL');

-- --------------------------------------------------------

--
-- Структура таблиці `requests`
--

CREATE TABLE IF NOT EXISTS `requests` (
  `id` bigint(20) NOT NULL AUTO_INCREMENT,
  `create_date` date NOT NULL DEFAULT '0000-00-00',
  `parentid` bigint(20) NOT NULL DEFAULT '0',
  `ip` varchar(50) NOT NULL DEFAULT '',
  PRIMARY KEY (`id`)
) ENGINE=MyISAM  DEFAULT CHARSET=utf8 AUTO_INCREMENT=2 ;

-- --------------------------------------------------------

--
-- Структура таблиці `reviews`
--

CREATE TABLE IF NOT EXISTS `reviews` (
  `id` bigint(20) NOT NULL AUTO_INCREMENT,
  `create_date` date NOT NULL,
  `name` varchar(200) NOT NULL,
  `email` varchar(50) NOT NULL,
  `review` varchar(2000) NOT NULL,
  `publish` int(11) NOT NULL DEFAULT '0',
  `answer` varchar(1000) NOT NULL,
  PRIMARY KEY (`id`)
) ENGINE=MyISAM DEFAULT CHARSET=utf8 AUTO_INCREMENT=1 ;

-- --------------------------------------------------------

--
-- Структура таблиці `routing`
--

CREATE TABLE IF NOT EXISTS `routing` (
  `id` int(11) NOT NULL AUTO_INCREMENT,
  `urlid` int(11) NOT NULL,
  `urlname` varchar(300) NOT NULL,
  `content` int(11) NOT NULL COMMENT '0 - content, 1 - catalog, 2 - product, 3 - brand',
  `contentid` int(11) NOT NULL,
  PRIMARY KEY (`id`),
  KEY `content` (`content`)
) ENGINE=MyISAM  DEFAULT CHARSET=utf8 AUTO_INCREMENT=7498 ;

--
-- Дамп даних таблиці `routing`
--

INSERT INTO `routing` (`id`, `urlid`, `urlname`, `content`, `contentid`) VALUES
(7475, 1, 'index', 0, 1),
(7476, 14, '404', 0, 14),
(7477, 55, 'podarochnye-karty', 0, 55),
(7478, 56, 'dostavka', 0, 56),
(7479, 57, 'oplata', 0, 57),
(7480, 58, 'garantii', 0, 58),
(7481, 59, 'kontakty', 0, 59),
(7482, 60, 'bannery-na-glavnoi', 0, 60),
(7483, 61, 'bannery-na-glavnoi/pervaja-linija', 0, 61),
(7484, 62, 'bannery-na-glavnoi/vtoraja-linija', 0, 62),
(7485, 63, 'bannery-na-glavnoi/slaider', 0, 63),
(7486, 64, 'brands', 0, 64),
(7487, 65, 'novinki', 0, 65),
(7488, 66, 'podarochnye-karty/podarochnye-karty', 0, 66),
(7489, 67, 'brands/dolce-gabbana', 0, 67),
(7490, 68, 'brands/blumarine', 0, 68),
(7491, 70, 'gid-po-stily', 0, 70),
(7492, 72, 'izbrannoe', 0, 72),
(7493, 73, 'gid-po-stily/stilisty-rekomenduyut-glavnye-trendy-leto-2013', 0, 73),
(7496, 75, 'sales', 0, 75),
(7495, 76, 'gid-po-stily/stilisty-rekomenduyut-glavnye-trendy-leto-2013', 0, 76),
(7494, 77, 'gid-po-stily/stilisty-rekomenduyut-glavnye-trendy-leto-2013', 0, 77),
(7497, 78, 'gid-po-stily/stilisty-rekomenduyut-glavnye-trendy-leto-2013', 0, 78);

-- --------------------------------------------------------

--
-- Структура таблиці `satellites`
--

CREATE TABLE IF NOT EXISTS `satellites` (
  `id` bigint(20) NOT NULL AUTO_INCREMENT,
  `parentid` bigint(20) NOT NULL,
  `goodsid` bigint(20) NOT NULL,
  PRIMARY KEY (`id`)
) ENGINE=MyISAM DEFAULT CHARSET=utf8 AUTO_INCREMENT=1 ;

-- --------------------------------------------------------

--
-- Структура таблиці `search_goods`
--

CREATE TABLE IF NOT EXISTS `search_goods` (
  `id` bigint(20) NOT NULL AUTO_INCREMENT,
  `name` varchar(300) NOT NULL,
  `urlname` varchar(300) NOT NULL,
  `goodsid` bigint(20) NOT NULL,
  PRIMARY KEY (`id`),
  FULLTEXT KEY `name` (`name`)
) ENGINE=MyISAM  DEFAULT CHARSET=utf8 AUTO_INCREMENT=953 ;

--
-- Дамп даних таблиці `search_goods`
--

INSERT INTO `search_goods` (`id`, `name`, `urlname`, `goodsid`) VALUES
(934, 'Футболка ECO', 'futbolka-eco', 24),
(29, 'Майка DIESEL', 'maika-diesel', 2),
(34, 'Майка DIESEL', 'maika-diesel', 3),
(39, 'Майка DIESEL', 'maika-diesel', 4),
(40, 'Майка DIESEL', 'maika-diesel', 5),
(41, 'Майка DIESEL', 'maika-diesel', 6),
(776, 'Куртка Balmain', 'kurtka-eny-place', 23),
(113, 'Куртка Dolce&amp;Gabbana', 'kurtka-dolce-gabbana', 19),
(947, 'Платье Blumarine', 'plate-blumarine', 29),
(752, 'Джинсы ', 'dzhinsy', 21),
(788, 'Платок', 'platok', 25),
(928, 'Сумка Rebecca Minkoff', 'sumka-rebecca-minkoff', 26),
(922, 'Ремень Burberry', 'remen-balmain', 27),
(940, 'Юбка eNY place', 'yubka', 28),
(746, 'Блуза eNy place', 'bluza-bcbg', 30),
(770, 'Кофта BCBG', 'kofta-bcbg', 31),
(764, 'Костюм Dior', 'kostyum-dior', 32),
(782, 'Пиджак Balmain', 'pidzhak-balmain', 33),
(758, 'Комбинезон Azzaro', 'kombinezon-azzaro', 34),
(880, 'Платье Chloe', 'plate-chloe', 77778),
(462, 'Платье Chloe', 'plate-chloe', 77779),
(511, 'Платье Blumarine', 'plate-blumarine', 77780),
(795, 'Платье Alexander Wang', 'plate-alexander-wang', 77781),
(807, 'Платье aNY', 'plate-any', 77782),
(892, 'Платье DVF', 'plate-dvf', 77783),
(516, 'Платье Blumarine', 'plate-blumarine', 77784),
(521, 'Платье Blumarine', 'plate-blumarine', 77785),
(523, 'Платье Blumarine', 'plate-blumarine', 77786),
(525, 'Платье Blumarine', 'plate-blumarine', 77787),
(527, 'Платье Blumarine', 'plate-blumarine', 77788),
(529, 'Платье Alexander Wang', 'plate-alexander-wang', 77789),
(531, 'Платье Alexander Wang', 'plate-alexander-wang', 77790),
(533, 'Платье aNY', 'plate-any', 77791),
(535, 'Платье aNY', 'plate-any', 77792),
(537, 'Платье DVF', 'plate-dvf', 77793),
(538, 'Юбка eNY place', 'yubka-eny-place', 77794),
(539, 'Юбка eNY place', 'yubka-eny-place', 77795),
(801, 'Платье Alexander Wang (36-102)', 'plate_alexander_wang__36-102_', 147),
(813, 'Платье BCBG (L-124)', 'plate_bcbg__l-124_', 152),
(819, 'Платье BCBG (M-102)', 'plate_bcbg__m-102_', 149),
(825, 'Платье BCBG (S-102)', 'plate_bcbg__s-102_', 148),
(831, 'Платье BCBG (S-102) -45%', 'plate_bcbg__s-102__-45_', 154),
(837, 'Платье BCBG (S-102)-45%', 'plate_bcbg__s-102_-45_', 153),
(843, 'Платье BCBG (S-103)', 'plate_bcbg__s-103_', 150),
(849, 'Платье Bebe (S-102)', 'plate_bebe__s-102_', 157),
(862, 'Платье Blumarine (40-105) -45%', 'plate_blumarine__40-105__-45_', 155),
(868, 'Платье Blumarine (М-102)', 'plate_blumarine__m-102_', 130),
(874, 'Платье Blumarine (М-102)', 'plate_blumarine__m-102_', 123),
(886, 'Платье Chloe (L-104)', 'plate_chloe__l-104_', 156),
(898, 'Платье Eco (М-211)', 'plate_eco__m-211_', 131),
(904, 'Платье Just Cavalli (XL-103)', 'plate_just_cavalli__xl-103_', 151),
(910, 'Платье Karen Millen (38-102)', 'plate_karen_millen__38-102_', 158),
(916, 'Платье Karen Millen (40-102)', 'plate_karen_millen__40-102_', 159),
(950, 'sertificat2', 'sertificat2', 77796),
(949, 'sertificat3', 'sertificat3', 77797),
(951, 'sertificat1', 'sertificat1', 77798),
(952, 'sertificat4', 'sertificat4', 77799);

-- --------------------------------------------------------

--
-- Структура таблиці `settings`
--

CREATE TABLE IF NOT EXISTS `settings` (
  `id` bigint(20) NOT NULL AUTO_INCREMENT,
  `title` varchar(250) NOT NULL DEFAULT '',
  `name` varchar(50) NOT NULL DEFAULT '',
  `val` text NOT NULL,
  PRIMARY KEY (`id`)
) ENGINE=MyISAM  DEFAULT CHARSET=utf8 AUTO_INCREMENT=91 ;

--
-- Дамп даних таблиці `settings`
--

INSERT INTO `settings` (`id`, `title`, `name`, `val`) VALUES
(1, 'E-Mail для ЗАКАЗОВ', 'contact_email', ''),
(2, 'Общий TITLE', 'title', ''),
(3, 'Общий DESCRIPTION', 'description', ''),
(4, 'Общий KEYWORDS', 'keywords', ''),
(12, 'Массив цветов', 'color_array', '#40A828,#D26E00,#E6B278,#FF9C00,#B24932,#FFF5C7,#EFA93B'),
(53, 'Процент наценки', 'percent_markup', ''),
(31, 'Meta TITLE для товаров', 'seo_goods_title', '[t]'),
(32, 'Meta KEYWORDS для товаров', 'seo_goods_keywords', ''),
(76, 'E-Mail адрес для рассылки', 'emails_address', ''),
(33, 'Базовая валюта', 'base_currency', '1'),
(35, 'Массив размеров страницы', 'pagesize_array', '1,16,32'),
(37, 'Показывать фильтры', 'filters_visible', '1'),
(38, 'Валюта показа на сайте', 'display_currency', '1'),
(39, 'Видимость форм оплаты', 'paymenttype_visible', '1'),
(41, 'Размер страниц по умолчанию', 'default_page_size', '16'),
(45, 'Режим скидок для пользователей (1 - только в корзине, 2 - на всем сайте )', 'discount_mode', '1'),
(46, 'Видимость фильтра по цене', 'price_filter_visible', '1'),
(52, 'Видимость размеров страниц', 'pagesize_visible', '0'),
(51, 'Видимость сортировки', 'sort_visible', '1'),
(56, 'SEO текст товар', 'seo_text_goods', '[b], [c], [t]'),
(55, 'Включить кеширование', 'cache_enable', '0'),
(57, 'Meta TITLE для категорий', 'seo_category_title', ''),
(58, 'Meta KEYWORDS для категорий', 'seo_category_keywords', ''),
(59, 'SEO текст категории', 'seo_text_category', 'Цены и характеристики в категории &lt;strong&gt;[c]&lt;/strong&gt;'),
(60, 'Meta DESCRIPTION для категорий', 'seo_category_description', ''),
(61, 'Meta DESCRIPTION для товаров', 'seo_goods_description', ''),
(62, 'Вывод параметров в корзине', 'basket_show_params', '0'),
(63, 'Meta TITLE для брендов', 'seo_brand_title', ''),
(64, 'Meta KEYWORDS для брендов', 'seo_brand_keywords', ''),
(65, 'Meta DESCRIPTION для брендов', 'seo_brand_description', ''),
(66, 'SEO текст бренд', 'seo_text_brand', ''),
(67, 'Тип  сравнения товаров (0 - в рамках группы, 1 - по всем группам, 2 - только по верхним уровням)', 'goods_compare_type', '0'),
(68, 'Видимость фильтра по брендам', 'brands_filter_visible', '1'),
(69, 'Использовать варианты', 'use_variants', '0'),
(70, 'Кол-во знаков после запятой в цене', 'price_digit', '0'),
(73, 'Размер страниц по умолчанию для контента', 'default_pagesize', '10'),
(74, 'Суммировать название товара и варианта в корзине', 'basket_vname', '0'),
(79, 'Использовать расширенные SEO URL', 'seo_url', '1'),
(77, 'Наименование для прайс-интеграторов', 'price_title', ''),
(78, 'Описание для прайс-интеграторов', 'price_description', ''),
(85, 'Интервалы цены', 'price_interval', '100-300,300-500,500-700'),
(86, 'Дополнительные параметры для поиска', 'search-get-params', 'region,subregion'),
(87, 'Варианты', 'enable_search_variant', '0'),
(88, 'Процент бонуса от покупки', 'bonus_persent', '5'),
(89, 'Сумма бонуса при регистрации', 'bonus_register', '100'),
(90, 'Дата бонусов за регистрацию', 'bonus_date', '2014-10-10 15:25:30');

-- --------------------------------------------------------

--
-- Структура таблиці `showtype`
--

CREATE TABLE IF NOT EXISTS `showtype` (
  `id` bigint(20) NOT NULL AUTO_INCREMENT,
  `name` varchar(200) NOT NULL DEFAULT '',
  PRIMARY KEY (`id`)
) ENGINE=MyISAM  DEFAULT CHARSET=utf8 AUTO_INCREMENT=6 ;

--
-- Дамп даних таблиці `showtype`
--

INSERT INTO `showtype` (`id`, `name`) VALUES
(1, 'Ссылки'),
(2, 'Каталог');

-- --------------------------------------------------------

--
-- Структура таблиці `site_cards`
--

CREATE TABLE IF NOT EXISTS `site_cards` (
  `id` int(10) NOT NULL AUTO_INCREMENT,
  `card_id` int(10) NOT NULL,
  `price` int(10) NOT NULL,
  `currency` int(10) NOT NULL,
  `status` int(10) NOT NULL,
  PRIMARY KEY (`id`)
) ENGINE=MyISAM  DEFAULT CHARSET=utf8 AUTO_INCREMENT=2 ;

--
-- Дамп даних таблиці `site_cards`
--

INSERT INTO `site_cards` (`id`, `card_id`, `price`, `currency`, `status`) VALUES
(1, 555, 444, 1, 2);

-- --------------------------------------------------------

--
-- Структура таблиці `states`
--

CREATE TABLE IF NOT EXISTS `states` (
  `id` varchar(30) NOT NULL DEFAULT '',
  `val` varchar(30) NOT NULL DEFAULT '',
  PRIMARY KEY (`id`)
) ENGINE=MyISAM DEFAULT CHARSET=utf8;

--
-- Дамп даних таблиці `states`
--

INSERT INTO `states` (`id`, `val`) VALUES
('fields_id', '1199');

-- --------------------------------------------------------

--
-- Структура таблиці `tags`
--

CREATE TABLE IF NOT EXISTS `tags` (
  `id` int(10) NOT NULL AUTO_INCREMENT,
  `name` varchar(200) NOT NULL,
  `urlname` varchar(200) NOT NULL,
  `showorder` int(10) NOT NULL,
  PRIMARY KEY (`id`)
) ENGINE=MyISAM  DEFAULT CHARSET=utf8 AUTO_INCREMENT=4 ;

--
-- Дамп даних таблиці `tags`
--

INSERT INTO `tags` (`id`, `name`, `urlname`, `showorder`) VALUES
(1, 'Вечерние платья', 'dresses', 1),
(2, 'Длинные платья', 'long-dress', 2),
(3, 'Весёлые истории', 'fun-story', 3);

-- --------------------------------------------------------

--
-- Структура таблиці `tags_goods`
--

CREATE TABLE IF NOT EXISTS `tags_goods` (
  `id` int(10) NOT NULL AUTO_INCREMENT,
  `tag_id` int(10) NOT NULL,
  `goods_id` int(10) NOT NULL,
  PRIMARY KEY (`id`)
) ENGINE=MyISAM DEFAULT CHARSET=utf8 AUTO_INCREMENT=1 ;

-- --------------------------------------------------------

--
-- Структура таблиці `units`
--

CREATE TABLE IF NOT EXISTS `units` (
  `id` int(11) NOT NULL AUTO_INCREMENT,
  `name` varchar(200) NOT NULL,
  PRIMARY KEY (`id`)
) ENGINE=MyISAM DEFAULT CHARSET=cp1251 AUTO_INCREMENT=1 ;

-- --------------------------------------------------------

--
-- Структура таблиці `users`
--

CREATE TABLE IF NOT EXISTS `users` (
  `id` bigint(20) NOT NULL AUTO_INCREMENT,
  `login` varchar(200) NOT NULL DEFAULT '',
  `passw` varchar(200) NOT NULL DEFAULT '',
  `name` varchar(200) NOT NULL DEFAULT '',
  `groupid` bigint(20) NOT NULL DEFAULT '0',
  `last_login` datetime NOT NULL DEFAULT '0000-00-00 00:00:00',
  `last_ip` varchar(50) NOT NULL DEFAULT '',
  `menuid` bigint(20) NOT NULL DEFAULT '0',
  PRIMARY KEY (`id`)
) ENGINE=MyISAM  DEFAULT CHARSET=utf8 AUTO_INCREMENT=14 ;

--
-- Дамп даних таблиці `users`
--

INSERT INTO `users` (`id`, `login`, `passw`, `name`, `groupid`, `last_login`, `last_ip`, `menuid`) VALUES
(1, 'admin', 'fstylejLk', 'Администратор', -1, '2013-08-16 10:31:20', '109.197.221.57', 1),
(13, 'admin123', 'admin123', 'admin123', -1, '2013-09-16 10:18:00', '95.67.77.219', 1);

-- --------------------------------------------------------

--
-- Структура таблиці `usersgroup`
--

CREATE TABLE IF NOT EXISTS `usersgroup` (
  `id` bigint(20) NOT NULL AUTO_INCREMENT,
  `name` varchar(200) NOT NULL DEFAULT '',
  `menuid` bigint(20) NOT NULL DEFAULT '0',
  PRIMARY KEY (`id`)
) ENGINE=MyISAM DEFAULT CHARSET=utf8 AUTO_INCREMENT=1 ;

-- --------------------------------------------------------

--
-- Структура таблиці `views`
--

CREATE TABLE IF NOT EXISTS `views` (
  `id` bigint(20) NOT NULL AUTO_INCREMENT,
  `goodsid` bigint(20) NOT NULL,
  `vcount` int(11) NOT NULL,
  PRIMARY KEY (`id`),
  KEY `goodsid` (`goodsid`)
) ENGINE=MyISAM DEFAULT CHARSET=utf8 AUTO_INCREMENT=1 ;

/*!40101 SET CHARACTER_SET_CLIENT=@OLD_CHARACTER_SET_CLIENT */;
/*!40101 SET CHARACTER_SET_RESULTS=@OLD_CHARACTER_SET_RESULTS */;
/*!40101 SET COLLATION_CONNECTION=@OLD_COLLATION_CONNECTION */;
         